x,y,z,mx,my,mz
0.0515,0.707,-0.158,1,0,0
0.0515,0.707,-0.153,1,0,0
0.0515,0.707,-0.148,1,0,0
0.0515,0.707,-0.143,1,0,0
0.0515,0.707,-0.138,1,0,0
0.0515,0.707,-0.133,1,0,0
0.0515,0.707,-0.128,1,0,0
0.0515,0.707,-0.123,1,0,0
0.0515,0.707,-0.118,1,0,0
0.0515,0.707,-0.113,1,0,0
0.0565,0.707,-0.158,1,0,0
0.0565,0.707,-0.153,1,0,0
0.0565,0.707,-0.148,1,0,0
0.0565,0.707,-0.143,1,0,0
0.0565,0.707,-0.138,1,0,0
0.0565,0.707,-0.133,1,0,0
0.0565,0.707,-0.128,1,0,0
0.0565,0.707,-0.123,1,0,0
0.0565,0.707,-0.118,1,0,0
0.0565,0.707,-0.113,1,0,0
0.0615,0.707,-0.158,1,0,0
0.0615,0.707,-0.153,1,0,0
0.0615,0.707,-0.148,1,0,0
0.0615,0.707,-0.143,1,0,0
0.0615,0.707,-0.138,1,0,0
0.0615,0.707,-0.133,1,0,0
0.0615,0.707,-0.128,1,0,0
0.0615,0.707,-0.123,1,0,0
0.0615,0.707,-0.118,1,0,0
0.0615,0.707,-0.113,1,0,0
0.0665,0.707,-0.158,1,0,0
0.0665,0.707,-0.153,1,0,0
0.0665,0.707,-0.148,1,0,0
0.0665,0.707,-0.143,1,0,0
0.0665,0.707,-0.138,1,0,0
0.0665,0.707,-0.133,1,0,0
0.0665,0.707,-0.128,1,0,0
0.0665,0.707,-0.123,1,0,0
0.0665,0.707,-0.118,1,0,0
0.0665,0.707,-0.113,1,0,0
0.0715,0.707,-0.158,1,0,0
0.0715,0.707,-0.153,1,0,0
0.0715,0.707,-0.148,1,0,0
0.0715,0.707,-0.143,1,0,0
0.0715,0.707,-0.138,1,0,0
0.0715,0.707,-0.133,1,0,0
0.0715,0.707,-0.128,1,0,0
0.0715,0.707,-0.123,1,0,0
0.0715,0.707,-0.118,1,0,0
0.0715,0.707,-0.113,1,0,0
0.0765,0.707,-0.158,1,0,0
0.0765,0.707,-0.153,1,0,0
0.0765,0.707,-0.148,1,0,0
0.0765,0.707,-0.143,1,0,0
0.0765,0.707,-0.138,1,0,0
0.0765,0.707,-0.133,1,0,0
0.0765,0.707,-0.128,1,0,0
0.0765,0.707,-0.123,1,0,0
0.0765,0.707,-0.118,1,0,0
0.0765,0.707,-0.113,1,0,0
0.0815,0.707,-0.158,1,0,0
0.0815,0.707,-0.153,1,0,0
0.0815,0.707,-0.148,1,0,0
0.0815,0.707,-0.143,1,0,0
0.0815,0.707,-0.138,1,0,0
0.0815,0.707,-0.133,1,0,0
0.0815,0.707,-0.128,1,0,0
0.0815,0.707,-0.123,1,0,0
0.0815,0.707,-0.118,1,0,0
0.0815,0.707,-0.113,1,0,0
0.0865,0.707,-0.158,1,0,0
0.0865,0.707,-0.153,1,0,0
0.0865,0.707,-0.148,1,0,0
0.0865,0.707,-0.143,1,0,0
0.0865,0.707,-0.138,1,0,0
0.0865,0.707,-0.133,1,0,0
0.0865,0.707,-0.128,1,0,0
0.0865,0.707,-0.123,1,0,0
0.0865,0.707,-0.118,1,0,0
0.0865,0.707,-0.113,1,0,0
0.0915,0.707,-0.158,1,0,0
0.0915,0.707,-0.153,1,0,0
0.0915,0.707,-0.148,1,0,0
0.0915,0.707,-0.143,1,0,0
0.0915,0.707,-0.138,1,0,0
0.0915,0.707,-0.133,1,0,0
0.0915,0.707,-0.128,1,0,0
0.0915,0.707,-0.123,1,0,0
0.0915,0.707,-0.118,1,0,0
0.0915,0.707,-0.113,1,0,0
0.0965,0.707,-0.158,1,0,0
0.0965,0.707,-0.153,1,0,0
0.0965,0.707,-0.148,1,0,0
0.0965,0.707,-0.143,1,0,0
0.0965,0.707,-0.138,1,0,0
0.0965,0.707,-0.133,1,0,0
0.0965,0.707,-0.128,1,0,0
0.0965,0.707,-0.123,1,0,0
0.0965,0.707,-0.118,1,0,0
0.0965,0.707,-0.113,1,0,0
0.1015,0.707,-0.158,1,0,0
0.1015,0.707,-0.153,1,0,0
0.1015,0.707,-0.148,1,0,0
0.1015,0.707,-0.143,1,0,0
0.1015,0.707,-0.138,1,0,0
0.1015,0.707,-0.133,1,0,0
0.1015,0.707,-0.128,1,0,0
0.1015,0.707,-0.123,1,0,0
0.1015,0.707,-0.118,1,0,0
0.1015,0.707,-0.113,1,0,0
0.1065,0.707,-0.158,1,0,0
0.1065,0.707,-0.153,1,0,0
0.1065,0.707,-0.148,1,0,0
0.1065,0.707,-0.143,1,0,0
0.1065,0.707,-0.138,1,0,0
0.1065,0.707,-0.133,1,0,0
0.1065,0.707,-0.128,1,0,0
0.1065,0.707,-0.123,1,0,0
0.1065,0.707,-0.118,1,0,0
0.1065,0.707,-0.113,1,0,0
0.1115,0.707,-0.158,1,0,0
0.1115,0.707,-0.153,1,0,0
0.1115,0.707,-0.148,1,0,0
0.1115,0.707,-0.143,1,0,0
0.1115,0.707,-0.138,1,0,0
0.1115,0.707,-0.133,1,0,0
0.1115,0.707,-0.128,1,0,0
0.1115,0.707,-0.123,1,0,0
0.1115,0.707,-0.118,1,0,0
0.1115,0.707,-0.113,1,0,0
0.1165,0.707,-0.158,1,0,0
0.1165,0.707,-0.153,1,0,0
0.1165,0.707,-0.148,1,0,0
0.1165,0.707,-0.143,1,0,0
0.1165,0.707,-0.138,1,0,0
0.1165,0.707,-0.133,1,0,0
0.1165,0.707,-0.128,1,0,0
0.1165,0.707,-0.123,1,0,0
0.1165,0.707,-0.118,1,0,0
0.1165,0.707,-0.113,1,0,0
0.1215,0.707,-0.158,1,0,0
0.1215,0.707,-0.153,1,0,0
0.1215,0.707,-0.148,1,0,0
0.1215,0.707,-0.143,1,0,0
0.1215,0.707,-0.138,1,0,0
0.1215,0.707,-0.133,1,0,0
0.1215,0.707,-0.128,1,0,0
0.1215,0.707,-0.123,1,0,0
0.1215,0.707,-0.118,1,0,0
0.1215,0.707,-0.113,1,0,0
0.1265,0.707,-0.158,1,0,0
0.1265,0.707,-0.153,1,0,0
0.1265,0.707,-0.148,1,0,0
0.1265,0.707,-0.143,1,0,0
0.1265,0.707,-0.138,1,0,0
0.1265,0.707,-0.133,1,0,0
0.1265,0.707,-0.128,1,0,0
0.1265,0.707,-0.123,1,0,0
0.1265,0.707,-0.118,1,0,0
0.1265,0.707,-0.113,1,0,0
0.1315,0.707,-0.158,1,0,0
0.1315,0.707,-0.153,1,0,0
0.1315,0.707,-0.148,1,0,0
0.1315,0.707,-0.143,1,0,0
0.1315,0.707,-0.138,1,0,0
0.1315,0.707,-0.133,1,0,0
0.1315,0.707,-0.128,1,0,0
0.1315,0.707,-0.123,1,0,0
0.1315,0.707,-0.118,1,0,0
0.1315,0.707,-0.113,1,0,0
0.1365,0.707,-0.158,1,0,0
0.1365,0.707,-0.153,1,0,0
0.1365,0.707,-0.148,1,0,0
0.1365,0.707,-0.143,1,0,0
0.1365,0.707,-0.138,1,0,0
0.1365,0.707,-0.133,1,0,0
0.1365,0.707,-0.128,1,0,0
0.1365,0.707,-0.123,1,0,0
0.1365,0.707,-0.118,1,0,0
0.1365,0.707,-0.113,1,0,0
0.1415,0.707,-0.158,1,0,0
0.1415,0.707,-0.153,1,0,0
0.1415,0.707,-0.148,1,0,0
0.1415,0.707,-0.143,1,0,0
0.1415,0.707,-0.138,1,0,0
0.1415,0.707,-0.133,1,0,0
0.1415,0.707,-0.128,1,0,0
0.1415,0.707,-0.123,1,0,0
0.1415,0.707,-0.118,1,0,0
0.1415,0.707,-0.113,1,0,0
0.1465,0.707,-0.158,1,0,0
0.1465,0.707,-0.153,1,0,0
0.1465,0.707,-0.148,1,0,0
0.1465,0.707,-0.143,1,0,0
0.1465,0.707,-0.138,1,0,0
0.1465,0.707,-0.133,1,0,0
0.1465,0.707,-0.128,1,0,0
0.1465,0.707,-0.123,1,0,0
0.1465,0.707,-0.118,1,0,0
0.1465,0.707,-0.113,1,0,0
0.1515,0.707,-0.158,1,0,0
0.1515,0.707,-0.153,1,0,0
0.1515,0.707,-0.148,1,0,0
0.1515,0.707,-0.143,1,0,0
0.1515,0.707,-0.138,1,0,0
0.1515,0.707,-0.133,1,0,0
0.1515,0.707,-0.128,1,0,0
0.1515,0.707,-0.123,1,0,0
0.1515,0.707,-0.118,1,0,0
0.1515,0.707,-0.113,1,0,0
0.1565,0.707,-0.158,1,0,0
0.1565,0.707,-0.153,1,0,0
0.1565,0.707,-0.148,1,0,0
0.1565,0.707,-0.143,1,0,0
0.1565,0.707,-0.138,1,0,0
0.1565,0.707,-0.133,1,0,0
0.1565,0.707,-0.128,1,0,0
0.1565,0.707,-0.123,1,0,0
0.1565,0.707,-0.118,1,0,0
0.1565,0.707,-0.113,1,0,0
0.1615,0.707,-0.158,1,0,0
0.1615,0.707,-0.153,1,0,0
0.1615,0.707,-0.148,1,0,0
0.1615,0.707,-0.143,1,0,0
0.1615,0.707,-0.138,1,0,0
0.1615,0.707,-0.133,1,0,0
0.1615,0.707,-0.128,1,0,0
0.1615,0.707,-0.123,1,0,0
0.1615,0.707,-0.118,1,0,0
0.1615,0.707,-0.113,1,0,0
0.1665,0.707,-0.158,1,0,0
0.1665,0.707,-0.153,1,0,0
0.1665,0.707,-0.148,1,0,0
0.1665,0.707,-0.143,1,0,0
0.1665,0.707,-0.138,1,0,0
0.1665,0.707,-0.133,1,0,0
0.1665,0.707,-0.128,1,0,0
0.1665,0.707,-0.123,1,0,0
0.1665,0.707,-0.118,1,0,0
0.1665,0.707,-0.113,1,0,0
0.0515,0.712,-0.158,1,0,0
0.0515,0.712,-0.153,1,0,0
0.0515,0.712,-0.148,1,0,0
0.0515,0.712,-0.143,1,0,0
0.0515,0.712,-0.138,1,0,0
0.0515,0.712,-0.133,1,0,0
0.0515,0.712,-0.128,1,0,0
0.0515,0.712,-0.123,1,0,0
0.0515,0.712,-0.118,1,0,0
0.0515,0.712,-0.113,1,0,0
0.0565,0.712,-0.158,1,0,0
0.0565,0.712,-0.153,1,0,0
0.0565,0.712,-0.148,1,0,0
0.0565,0.712,-0.143,1,0,0
0.0565,0.712,-0.138,1,0,0
0.0565,0.712,-0.133,1,0,0
0.0565,0.712,-0.128,1,0,0
0.0565,0.712,-0.123,1,0,0
0.0565,0.712,-0.118,1,0,0
0.0565,0.712,-0.113,1,0,0
0.0615,0.712,-0.158,1,0,0
0.0615,0.712,-0.153,1,0,0
0.0615,0.712,-0.148,1,0,0
0.0615,0.712,-0.143,1,0,0
0.0615,0.712,-0.138,1,0,0
0.0615,0.712,-0.133,1,0,0
0.0615,0.712,-0.128,1,0,0
0.0615,0.712,-0.123,1,0,0
0.0615,0.712,-0.118,1,0,0
0.0615,0.712,-0.113,1,0,0
0.0665,0.712,-0.158,1,0,0
0.0665,0.712,-0.153,1,0,0
0.0665,0.712,-0.148,1,0,0
0.0665,0.712,-0.143,1,0,0
0.0665,0.712,-0.138,1,0,0
0.0665,0.712,-0.133,1,0,0
0.0665,0.712,-0.128,1,0,0
0.0665,0.712,-0.123,1,0,0
0.0665,0.712,-0.118,1,0,0
0.0665,0.712,-0.113,1,0,0
0.0715,0.712,-0.158,1,0,0
0.0715,0.712,-0.153,1,0,0
0.0715,0.712,-0.148,1,0,0
0.0715,0.712,-0.143,1,0,0
0.0715,0.712,-0.138,1,0,0
0.0715,0.712,-0.133,1,0,0
0.0715,0.712,-0.128,1,0,0
0.0715,0.712,-0.123,1,0,0
0.0715,0.712,-0.118,1,0,0
0.0715,0.712,-0.113,1,0,0
0.0765,0.712,-0.158,1,0,0
0.0765,0.712,-0.153,1,0,0
0.0765,0.712,-0.148,1,0,0
0.0765,0.712,-0.143,1,0,0
0.0765,0.712,-0.138,1,0,0
0.0765,0.712,-0.133,1,0,0
0.0765,0.712,-0.128,1,0,0
0.0765,0.712,-0.123,1,0,0
0.0765,0.712,-0.118,1,0,0
0.0765,0.712,-0.113,1,0,0
0.0815,0.712,-0.158,1,0,0
0.0815,0.712,-0.153,1,0,0
0.0815,0.712,-0.148,1,0,0
0.0815,0.712,-0.143,1,0,0
0.0815,0.712,-0.138,1,0,0
0.0815,0.712,-0.133,1,0,0
0.0815,0.712,-0.128,1,0,0
0.0815,0.712,-0.123,1,0,0
0.0815,0.712,-0.118,1,0,0
0.0815,0.712,-0.113,1,0,0
0.0865,0.712,-0.158,1,0,0
0.0865,0.712,-0.153,1,0,0
0.0865,0.712,-0.148,1,0,0
0.0865,0.712,-0.143,1,0,0
0.0865,0.712,-0.138,1,0,0
0.0865,0.712,-0.133,1,0,0
0.0865,0.712,-0.128,1,0,0
0.0865,0.712,-0.123,1,0,0
0.0865,0.712,-0.118,1,0,0
0.0865,0.712,-0.113,1,0,0
0.0915,0.712,-0.158,1,0,0
0.0915,0.712,-0.153,1,0,0
0.0915,0.712,-0.148,1,0,0
0.0915,0.712,-0.143,1,0,0
0.0915,0.712,-0.138,1,0,0
0.0915,0.712,-0.133,1,0,0
0.0915,0.712,-0.128,1,0,0
0.0915,0.712,-0.123,1,0,0
0.0915,0.712,-0.118,1,0,0
0.0915,0.712,-0.113,1,0,0
0.0965,0.712,-0.158,1,0,0
0.0965,0.712,-0.153,1,0,0
0.0965,0.712,-0.148,1,0,0
0.0965,0.712,-0.143,1,0,0
0.0965,0.712,-0.138,1,0,0
0.0965,0.712,-0.133,1,0,0
0.0965,0.712,-0.128,1,0,0
0.0965,0.712,-0.123,1,0,0
0.0965,0.712,-0.118,1,0,0
0.0965,0.712,-0.113,1,0,0
0.1015,0.712,-0.158,1,0,0
0.1015,0.712,-0.153,1,0,0
0.1015,0.712,-0.148,1,0,0
0.1015,0.712,-0.143,1,0,0
0.1015,0.712,-0.138,1,0,0
0.1015,0.712,-0.133,1,0,0
0.1015,0.712,-0.128,1,0,0
0.1015,0.712,-0.123,1,0,0
0.1015,0.712,-0.118,1,0,0
0.1015,0.712,-0.113,1,0,0
0.1065,0.712,-0.158,1,0,0
0.1065,0.712,-0.153,1,0,0
0.1065,0.712,-0.148,1,0,0
0.1065,0.712,-0.143,1,0,0
0.1065,0.712,-0.138,1,0,0
0.1065,0.712,-0.133,1,0,0
0.1065,0.712,-0.128,1,0,0
0.1065,0.712,-0.123,1,0,0
0.1065,0.712,-0.118,1,0,0
0.1065,0.712,-0.113,1,0,0
0.1115,0.712,-0.158,1,0,0
0.1115,0.712,-0.153,1,0,0
0.1115,0.712,-0.148,1,0,0
0.1115,0.712,-0.143,1,0,0
0.1115,0.712,-0.138,1,0,0
0.1115,0.712,-0.133,1,0,0
0.1115,0.712,-0.128,1,0,0
0.1115,0.712,-0.123,1,0,0
0.1115,0.712,-0.118,1,0,0
0.1115,0.712,-0.113,1,0,0
0.1165,0.712,-0.158,1,0,0
0.1165,0.712,-0.153,1,0,0
0.1165,0.712,-0.148,1,0,0
0.1165,0.712,-0.143,1,0,0
0.1165,0.712,-0.138,1,0,0
0.1165,0.712,-0.133,1,0,0
0.1165,0.712,-0.128,1,0,0
0.1165,0.712,-0.123,1,0,0
0.1165,0.712,-0.118,1,0,0
0.1165,0.712,-0.113,1,0,0
0.1215,0.712,-0.158,1,0,0
0.1215,0.712,-0.153,1,0,0
0.1215,0.712,-0.148,1,0,0
0.1215,0.712,-0.143,1,0,0
0.1215,0.712,-0.138,1,0,0
0.1215,0.712,-0.133,1,0,0
0.1215,0.712,-0.128,1,0,0
0.1215,0.712,-0.123,1,0,0
0.1215,0.712,-0.118,1,0,0
0.1215,0.712,-0.113,1,0,0
0.1265,0.712,-0.158,1,0,0
0.1265,0.712,-0.153,1,0,0
0.1265,0.712,-0.148,1,0,0
0.1265,0.712,-0.143,1,0,0
0.1265,0.712,-0.138,1,0,0
0.1265,0.712,-0.133,1,0,0
0.1265,0.712,-0.128,1,0,0
0.1265,0.712,-0.123,1,0,0
0.1265,0.712,-0.118,1,0,0
0.1265,0.712,-0.113,1,0,0
0.1315,0.712,-0.158,1,0,0
0.1315,0.712,-0.153,1,0,0
0.1315,0.712,-0.148,1,0,0
0.1315,0.712,-0.143,1,0,0
0.1315,0.712,-0.138,1,0,0
0.1315,0.712,-0.133,1,0,0
0.1315,0.712,-0.128,1,0,0
0.1315,0.712,-0.123,1,0,0
0.1315,0.712,-0.118,1,0,0
0.1315,0.712,-0.113,1,0,0
0.1365,0.712,-0.158,1,0,0
0.1365,0.712,-0.153,1,0,0
0.1365,0.712,-0.148,1,0,0
0.1365,0.712,-0.143,1,0,0
0.1365,0.712,-0.138,1,0,0
0.1365,0.712,-0.133,1,0,0
0.1365,0.712,-0.128,1,0,0
0.1365,0.712,-0.123,1,0,0
0.1365,0.712,-0.118,1,0,0
0.1365,0.712,-0.113,1,0,0
0.1415,0.712,-0.158,1,0,0
0.1415,0.712,-0.153,1,0,0
0.1415,0.712,-0.148,1,0,0
0.1415,0.712,-0.143,1,0,0
0.1415,0.712,-0.138,1,0,0
0.1415,0.712,-0.133,1,0,0
0.1415,0.712,-0.128,1,0,0
0.1415,0.712,-0.123,1,0,0
0.1415,0.712,-0.118,1,0,0
0.1415,0.712,-0.113,1,0,0
0.1465,0.712,-0.158,1,0,0
0.1465,0.712,-0.153,1,0,0
0.1465,0.712,-0.148,1,0,0
0.1465,0.712,-0.143,1,0,0
0.1465,0.712,-0.138,1,0,0
0.1465,0.712,-0.133,1,0,0
0.1465,0.712,-0.128,1,0,0
0.1465,0.712,-0.123,1,0,0
0.1465,0.712,-0.118,1,0,0
0.1465,0.712,-0.113,1,0,0
0.1515,0.712,-0.158,1,0,0
0.1515,0.712,-0.153,1,0,0
0.1515,0.712,-0.148,1,0,0
0.1515,0.712,-0.143,1,0,0
0.1515,0.712,-0.138,1,0,0
0.1515,0.712,-0.133,1,0,0
0.1515,0.712,-0.128,1,0,0
0.1515,0.712,-0.123,1,0,0
0.1515,0.712,-0.118,1,0,0
0.1515,0.712,-0.113,1,0,0
0.1565,0.712,-0.158,1,0,0
0.1565,0.712,-0.153,1,0,0
0.1565,0.712,-0.148,1,0,0
0.1565,0.712,-0.143,1,0,0
0.1565,0.712,-0.138,1,0,0
0.1565,0.712,-0.133,1,0,0
0.1565,0.712,-0.128,1,0,0
0.1565,0.712,-0.123,1,0,0
0.1565,0.712,-0.118,1,0,0
0.1565,0.712,-0.113,1,0,0
0.1615,0.712,-0.158,1,0,0
0.1615,0.712,-0.153,1,0,0
0.1615,0.712,-0.148,1,0,0
0.1615,0.712,-0.143,1,0,0
0.1615,0.712,-0.138,1,0,0
0.1615,0.712,-0.133,1,0,0
0.1615,0.712,-0.128,1,0,0
0.1615,0.712,-0.123,1,0,0
0.1615,0.712,-0.118,1,0,0
0.1615,0.712,-0.113,1,0,0
0.1665,0.712,-0.158,1,0,0
0.1665,0.712,-0.153,1,0,0
0.1665,0.712,-0.148,1,0,0
0.1665,0.712,-0.143,1,0,0
0.1665,0.712,-0.138,1,0,0
0.1665,0.712,-0.133,1,0,0
0.1665,0.712,-0.128,1,0,0
0.1665,0.712,-0.123,1,0,0
0.1665,0.712,-0.118,1,0,0
0.1665,0.712,-0.113,1,0,0
0.0515,0.717,-0.158,1,0,0
0.0515,0.717,-0.153,1,0,0
0.0515,0.717,-0.148,1,0,0
0.0515,0.717,-0.143,1,0,0
0.0515,0.717,-0.138,1,0,0
0.0515,0.717,-0.133,1,0,0
0.0515,0.717,-0.128,1,0,0
0.0515,0.717,-0.123,1,0,0
0.0515,0.717,-0.118,1,0,0
0.0515,0.717,-0.113,1,0,0
0.0565,0.717,-0.158,1,0,0
0.0565,0.717,-0.153,1,0,0
0.0565,0.717,-0.148,1,0,0
0.0565,0.717,-0.143,1,0,0
0.0565,0.717,-0.138,1,0,0
0.0565,0.717,-0.133,1,0,0
0.0565,0.717,-0.128,1,0,0
0.0565,0.717,-0.123,1,0,0
0.0565,0.717,-0.118,1,0,0
0.0565,0.717,-0.113,1,0,0
0.0615,0.717,-0.158,1,0,0
0.0615,0.717,-0.153,1,0,0
0.0615,0.717,-0.148,1,0,0
0.0615,0.717,-0.143,1,0,0
0.0615,0.717,-0.138,1,0,0
0.0615,0.717,-0.133,1,0,0
0.0615,0.717,-0.128,1,0,0
0.0615,0.717,-0.123,1,0,0
0.0615,0.717,-0.118,1,0,0
0.0615,0.717,-0.113,1,0,0
0.0665,0.717,-0.158,1,0,0
0.0665,0.717,-0.153,1,0,0
0.0665,0.717,-0.148,1,0,0
0.0665,0.717,-0.143,1,0,0
0.0665,0.717,-0.138,1,0,0
0.0665,0.717,-0.133,1,0,0
0.0665,0.717,-0.128,1,0,0
0.0665,0.717,-0.123,1,0,0
0.0665,0.717,-0.118,1,0,0
0.0665,0.717,-0.113,1,0,0
0.0715,0.717,-0.158,1,0,0
0.0715,0.717,-0.153,1,0,0
0.0715,0.717,-0.148,1,0,0
0.0715,0.717,-0.143,1,0,0
0.0715,0.717,-0.138,1,0,0
0.0715,0.717,-0.133,1,0,0
0.0715,0.717,-0.128,1,0,0
0.0715,0.717,-0.123,1,0,0
0.0715,0.717,-0.118,1,0,0
0.0715,0.717,-0.113,1,0,0
0.0765,0.717,-0.158,1,0,0
0.0765,0.717,-0.153,1,0,0
0.0765,0.717,-0.148,1,0,0
0.0765,0.717,-0.143,1,0,0
0.0765,0.717,-0.138,1,0,0
0.0765,0.717,-0.133,1,0,0
0.0765,0.717,-0.128,1,0,0
0.0765,0.717,-0.123,1,0,0
0.0765,0.717,-0.118,1,0,0
0.0765,0.717,-0.113,1,0,0
0.0815,0.717,-0.158,1,0,0
0.0815,0.717,-0.153,1,0,0
0.0815,0.717,-0.148,1,0,0
0.0815,0.717,-0.143,1,0,0
0.0815,0.717,-0.138,1,0,0
0.0815,0.717,-0.133,1,0,0
0.0815,0.717,-0.128,1,0,0
0.0815,0.717,-0.123,1,0,0
0.0815,0.717,-0.118,1,0,0
0.0815,0.717,-0.113,1,0,0
0.0865,0.717,-0.158,1,0,0
0.0865,0.717,-0.153,1,0,0
0.0865,0.717,-0.148,1,0,0
0.0865,0.717,-0.143,1,0,0
0.0865,0.717,-0.138,1,0,0
0.0865,0.717,-0.133,1,0,0
0.0865,0.717,-0.128,1,0,0
0.0865,0.717,-0.123,1,0,0
0.0865,0.717,-0.118,1,0,0
0.0865,0.717,-0.113,1,0,0
0.0915,0.717,-0.158,1,0,0
0.0915,0.717,-0.153,1,0,0
0.0915,0.717,-0.148,1,0,0
0.0915,0.717,-0.143,1,0,0
0.0915,0.717,-0.138,1,0,0
0.0915,0.717,-0.133,1,0,0
0.0915,0.717,-0.128,1,0,0
0.0915,0.717,-0.123,1,0,0
0.0915,0.717,-0.118,1,0,0
0.0915,0.717,-0.113,1,0,0
0.0965,0.717,-0.158,1,0,0
0.0965,0.717,-0.153,1,0,0
0.0965,0.717,-0.148,1,0,0
0.0965,0.717,-0.143,1,0,0
0.0965,0.717,-0.138,1,0,0
0.0965,0.717,-0.133,1,0,0
0.0965,0.717,-0.128,1,0,0
0.0965,0.717,-0.123,1,0,0
0.0965,0.717,-0.118,1,0,0
0.0965,0.717,-0.113,1,0,0
0.1015,0.717,-0.158,1,0,0
0.1015,0.717,-0.153,1,0,0
0.1015,0.717,-0.148,1,0,0
0.1015,0.717,-0.143,1,0,0
0.1015,0.717,-0.138,1,0,0
0.1015,0.717,-0.133,1,0,0
0.1015,0.717,-0.128,1,0,0
0.1015,0.717,-0.123,1,0,0
0.1015,0.717,-0.118,1,0,0
0.1015,0.717,-0.113,1,0,0
0.1065,0.717,-0.158,1,0,0
0.1065,0.717,-0.153,1,0,0
0.1065,0.717,-0.148,1,0,0
0.1065,0.717,-0.143,1,0,0
0.1065,0.717,-0.138,1,0,0
0.1065,0.717,-0.133,1,0,0
0.1065,0.717,-0.128,1,0,0
0.1065,0.717,-0.123,1,0,0
0.1065,0.717,-0.118,1,0,0
0.1065,0.717,-0.113,1,0,0
0.1115,0.717,-0.158,1,0,0
0.1115,0.717,-0.153,1,0,0
0.1115,0.717,-0.148,1,0,0
0.1115,0.717,-0.143,1,0,0
0.1115,0.717,-0.138,1,0,0
0.1115,0.717,-0.133,1,0,0
0.1115,0.717,-0.128,1,0,0
0.1115,0.717,-0.123,1,0,0
0.1115,0.717,-0.118,1,0,0
0.1115,0.717,-0.113,1,0,0
0.1165,0.717,-0.158,1,0,0
0.1165,0.717,-0.153,1,0,0
0.1165,0.717,-0.148,1,0,0
0.1165,0.717,-0.143,1,0,0
0.1165,0.717,-0.138,1,0,0
0.1165,0.717,-0.133,1,0,0
0.1165,0.717,-0.128,1,0,0
0.1165,0.717,-0.123,1,0,0
0.1165,0.717,-0.118,1,0,0
0.1165,0.717,-0.113,1,0,0
0.1215,0.717,-0.158,1,0,0
0.1215,0.717,-0.153,1,0,0
0.1215,0.717,-0.148,1,0,0
0.1215,0.717,-0.143,1,0,0
0.1215,0.717,-0.138,1,0,0
0.1215,0.717,-0.133,1,0,0
0.1215,0.717,-0.128,1,0,0
0.1215,0.717,-0.123,1,0,0
0.1215,0.717,-0.118,1,0,0
0.1215,0.717,-0.113,1,0,0
0.1265,0.717,-0.158,1,0,0
0.1265,0.717,-0.153,1,0,0
0.1265,0.717,-0.148,1,0,0
0.1265,0.717,-0.143,1,0,0
0.1265,0.717,-0.138,1,0,0
0.1265,0.717,-0.133,1,0,0
0.1265,0.717,-0.128,1,0,0
0.1265,0.717,-0.123,1,0,0
0.1265,0.717,-0.118,1,0,0
0.1265,0.717,-0.113,1,0,0
0.1315,0.717,-0.158,1,0,0
0.1315,0.717,-0.153,1,0,0
0.1315,0.717,-0.148,1,0,0
0.1315,0.717,-0.143,1,0,0
0.1315,0.717,-0.138,1,0,0
0.1315,0.717,-0.133,1,0,0
0.1315,0.717,-0.128,1,0,0
0.1315,0.717,-0.123,1,0,0
0.1315,0.717,-0.118,1,0,0
0.1315,0.717,-0.113,1,0,0
0.1365,0.717,-0.158,1,0,0
0.1365,0.717,-0.153,1,0,0
0.1365,0.717,-0.148,1,0,0
0.1365,0.717,-0.143,1,0,0
0.1365,0.717,-0.138,1,0,0
0.1365,0.717,-0.133,1,0,0
0.1365,0.717,-0.128,1,0,0
0.1365,0.717,-0.123,1,0,0
0.1365,0.717,-0.118,1,0,0
0.1365,0.717,-0.113,1,0,0
0.1415,0.717,-0.158,1,0,0
0.1415,0.717,-0.153,1,0,0
0.1415,0.717,-0.148,1,0,0
0.1415,0.717,-0.143,1,0,0
0.1415,0.717,-0.138,1,0,0
0.1415,0.717,-0.133,1,0,0
0.1415,0.717,-0.128,1,0,0
0.1415,0.717,-0.123,1,0,0
0.1415,0.717,-0.118,1,0,0
0.1415,0.717,-0.113,1,0,0
0.1465,0.717,-0.158,1,0,0
0.1465,0.717,-0.153,1,0,0
0.1465,0.717,-0.148,1,0,0
0.1465,0.717,-0.143,1,0,0
0.1465,0.717,-0.138,1,0,0
0.1465,0.717,-0.133,1,0,0
0.1465,0.717,-0.128,1,0,0
0.1465,0.717,-0.123,1,0,0
0.1465,0.717,-0.118,1,0,0
0.1465,0.717,-0.113,1,0,0
0.1515,0.717,-0.158,1,0,0
0.1515,0.717,-0.153,1,0,0
0.1515,0.717,-0.148,1,0,0
0.1515,0.717,-0.143,1,0,0
0.1515,0.717,-0.138,1,0,0
0.1515,0.717,-0.133,1,0,0
0.1515,0.717,-0.128,1,0,0
0.1515,0.717,-0.123,1,0,0
0.1515,0.717,-0.118,1,0,0
0.1515,0.717,-0.113,1,0,0
0.1565,0.717,-0.158,1,0,0
0.1565,0.717,-0.153,1,0,0
0.1565,0.717,-0.148,1,0,0
0.1565,0.717,-0.143,1,0,0
0.1565,0.717,-0.138,1,0,0
0.1565,0.717,-0.133,1,0,0
0.1565,0.717,-0.128,1,0,0
0.1565,0.717,-0.123,1,0,0
0.1565,0.717,-0.118,1,0,0
0.1565,0.717,-0.113,1,0,0
0.1615,0.717,-0.158,1,0,0
0.1615,0.717,-0.153,1,0,0
0.1615,0.717,-0.148,1,0,0
0.1615,0.717,-0.143,1,0,0
0.1615,0.717,-0.138,1,0,0
0.1615,0.717,-0.133,1,0,0
0.1615,0.717,-0.128,1,0,0
0.1615,0.717,-0.123,1,0,0
0.1615,0.717,-0.118,1,0,0
0.1615,0.717,-0.113,1,0,0
0.1665,0.717,-0.158,1,0,0
0.1665,0.717,-0.153,1,0,0
0.1665,0.717,-0.148,1,0,0
0.1665,0.717,-0.143,1,0,0
0.1665,0.717,-0.138,1,0,0
0.1665,0.717,-0.133,1,0,0
0.1665,0.717,-0.128,1,0,0
0.1665,0.717,-0.123,1,0,0
0.1665,0.717,-0.118,1,0,0
0.1665,0.717,-0.113,1,0,0
0.0515,0.722,-0.158,1,0,0
0.0515,0.722,-0.153,1,0,0
0.0515,0.722,-0.148,1,0,0
0.0515,0.722,-0.143,1,0,0
0.0515,0.722,-0.138,1,0,0
0.0515,0.722,-0.133,1,0,0
0.0515,0.722,-0.128,1,0,0
0.0515,0.722,-0.123,1,0,0
0.0515,0.722,-0.118,1,0,0
0.0515,0.722,-0.113,1,0,0
0.0565,0.722,-0.158,1,0,0
0.0565,0.722,-0.153,1,0,0
0.0565,0.722,-0.148,1,0,0
0.0565,0.722,-0.143,1,0,0
0.0565,0.722,-0.138,1,0,0
0.0565,0.722,-0.133,1,0,0
0.0565,0.722,-0.128,1,0,0
0.0565,0.722,-0.123,1,0,0
0.0565,0.722,-0.118,1,0,0
0.0565,0.722,-0.113,1,0,0
0.0615,0.722,-0.158,1,0,0
0.0615,0.722,-0.153,1,0,0
0.0615,0.722,-0.148,1,0,0
0.0615,0.722,-0.143,1,0,0
0.0615,0.722,-0.138,1,0,0
0.0615,0.722,-0.133,1,0,0
0.0615,0.722,-0.128,1,0,0
0.0615,0.722,-0.123,1,0,0
0.0615,0.722,-0.118,1,0,0
0.0615,0.722,-0.113,1,0,0
0.0665,0.722,-0.158,1,0,0
0.0665,0.722,-0.153,1,0,0
0.0665,0.722,-0.148,1,0,0
0.0665,0.722,-0.143,1,0,0
0.0665,0.722,-0.138,1,0,0
0.0665,0.722,-0.133,1,0,0
0.0665,0.722,-0.128,1,0,0
0.0665,0.722,-0.123,1,0,0
0.0665,0.722,-0.118,1,0,0
0.0665,0.722,-0.113,1,0,0
0.0715,0.722,-0.158,1,0,0
0.0715,0.722,-0.153,1,0,0
0.0715,0.722,-0.148,1,0,0
0.0715,0.722,-0.143,1,0,0
0.0715,0.722,-0.138,1,0,0
0.0715,0.722,-0.133,1,0,0
0.0715,0.722,-0.128,1,0,0
0.0715,0.722,-0.123,1,0,0
0.0715,0.722,-0.118,1,0,0
0.0715,0.722,-0.113,1,0,0
0.0765,0.722,-0.158,1,0,0
0.0765,0.722,-0.153,1,0,0
0.0765,0.722,-0.148,1,0,0
0.0765,0.722,-0.143,1,0,0
0.0765,0.722,-0.138,1,0,0
0.0765,0.722,-0.133,1,0,0
0.0765,0.722,-0.128,1,0,0
0.0765,0.722,-0.123,1,0,0
0.0765,0.722,-0.118,1,0,0
0.0765,0.722,-0.113,1,0,0
0.0815,0.722,-0.158,1,0,0
0.0815,0.722,-0.153,1,0,0
0.0815,0.722,-0.148,1,0,0
0.0815,0.722,-0.143,1,0,0
0.0815,0.722,-0.138,1,0,0
0.0815,0.722,-0.133,1,0,0
0.0815,0.722,-0.128,1,0,0
0.0815,0.722,-0.123,1,0,0
0.0815,0.722,-0.118,1,0,0
0.0815,0.722,-0.113,1,0,0
0.0865,0.722,-0.158,1,0,0
0.0865,0.722,-0.153,1,0,0
0.0865,0.722,-0.148,1,0,0
0.0865,0.722,-0.143,1,0,0
0.0865,0.722,-0.138,1,0,0
0.0865,0.722,-0.133,1,0,0
0.0865,0.722,-0.128,1,0,0
0.0865,0.722,-0.123,1,0,0
0.0865,0.722,-0.118,1,0,0
0.0865,0.722,-0.113,1,0,0
0.0915,0.722,-0.158,1,0,0
0.0915,0.722,-0.153,1,0,0
0.0915,0.722,-0.148,1,0,0
0.0915,0.722,-0.143,1,0,0
0.0915,0.722,-0.138,1,0,0
0.0915,0.722,-0.133,1,0,0
0.0915,0.722,-0.128,1,0,0
0.0915,0.722,-0.123,1,0,0
0.0915,0.722,-0.118,1,0,0
0.0915,0.722,-0.113,1,0,0
0.0965,0.722,-0.158,1,0,0
0.0965,0.722,-0.153,1,0,0
0.0965,0.722,-0.148,1,0,0
0.0965,0.722,-0.143,1,0,0
0.0965,0.722,-0.138,1,0,0
0.0965,0.722,-0.133,1,0,0
0.0965,0.722,-0.128,1,0,0
0.0965,0.722,-0.123,1,0,0
0.0965,0.722,-0.118,1,0,0
0.0965,0.722,-0.113,1,0,0
0.1015,0.722,-0.158,1,0,0
0.1015,0.722,-0.153,1,0,0
0.1015,0.722,-0.148,1,0,0
0.1015,0.722,-0.143,1,0,0
0.1015,0.722,-0.138,1,0,0
0.1015,0.722,-0.133,1,0,0
0.1015,0.722,-0.128,1,0,0
0.1015,0.722,-0.123,1,0,0
0.1015,0.722,-0.118,1,0,0
0.1015,0.722,-0.113,1,0,0
0.1065,0.722,-0.158,1,0,0
0.1065,0.722,-0.153,1,0,0
0.1065,0.722,-0.148,1,0,0
0.1065,0.722,-0.143,1,0,0
0.1065,0.722,-0.138,1,0,0
0.1065,0.722,-0.133,1,0,0
0.1065,0.722,-0.128,1,0,0
0.1065,0.722,-0.123,1,0,0
0.1065,0.722,-0.118,1,0,0
0.1065,0.722,-0.113,1,0,0
0.1115,0.722,-0.158,1,0,0
0.1115,0.722,-0.153,1,0,0
0.1115,0.722,-0.148,1,0,0
0.1115,0.722,-0.143,1,0,0
0.1115,0.722,-0.138,1,0,0
0.1115,0.722,-0.133,1,0,0
0.1115,0.722,-0.128,1,0,0
0.1115,0.722,-0.123,1,0,0
0.1115,0.722,-0.118,1,0,0
0.1115,0.722,-0.113,1,0,0
0.1165,0.722,-0.158,1,0,0
0.1165,0.722,-0.153,1,0,0
0.1165,0.722,-0.148,1,0,0
0.1165,0.722,-0.143,1,0,0
0.1165,0.722,-0.138,1,0,0
0.1165,0.722,-0.133,1,0,0
0.1165,0.722,-0.128,1,0,0
0.1165,0.722,-0.123,1,0,0
0.1165,0.722,-0.118,1,0,0
0.1165,0.722,-0.113,1,0,0
0.1215,0.722,-0.158,1,0,0
0.1215,0.722,-0.153,1,0,0
0.1215,0.722,-0.148,1,0,0
0.1215,0.722,-0.143,1,0,0
0.1215,0.722,-0.138,1,0,0
0.1215,0.722,-0.133,1,0,0
0.1215,0.722,-0.128,1,0,0
0.1215,0.722,-0.123,1,0,0
0.1215,0.722,-0.118,1,0,0
0.1215,0.722,-0.113,1,0,0
0.1265,0.722,-0.158,1,0,0
0.1265,0.722,-0.153,1,0,0
0.1265,0.722,-0.148,1,0,0
0.1265,0.722,-0.143,1,0,0
0.1265,0.722,-0.138,1,0,0
0.1265,0.722,-0.133,1,0,0
0.1265,0.722,-0.128,1,0,0
0.1265,0.722,-0.123,1,0,0
0.1265,0.722,-0.118,1,0,0
0.1265,0.722,-0.113,1,0,0
0.1315,0.722,-0.158,1,0,0
0.1315,0.722,-0.153,1,0,0
0.1315,0.722,-0.148,1,0,0
0.1315,0.722,-0.143,1,0,0
0.1315,0.722,-0.138,1,0,0
0.1315,0.722,-0.133,1,0,0
0.1315,0.722,-0.128,1,0,0
0.1315,0.722,-0.123,1,0,0
0.1315,0.722,-0.118,1,0,0
0.1315,0.722,-0.113,1,0,0
0.1365,0.722,-0.158,1,0,0
0.1365,0.722,-0.153,1,0,0
0.1365,0.722,-0.148,1,0,0
0.1365,0.722,-0.143,1,0,0
0.1365,0.722,-0.138,1,0,0
0.1365,0.722,-0.133,1,0,0
0.1365,0.722,-0.128,1,0,0
0.1365,0.722,-0.123,1,0,0
0.1365,0.722,-0.118,1,0,0
0.1365,0.722,-0.113,1,0,0
0.1415,0.722,-0.158,1,0,0
0.1415,0.722,-0.153,1,0,0
0.1415,0.722,-0.148,1,0,0
0.1415,0.722,-0.143,1,0,0
0.1415,0.722,-0.138,1,0,0
0.1415,0.722,-0.133,1,0,0
0.1415,0.722,-0.128,1,0,0
0.1415,0.722,-0.123,1,0,0
0.1415,0.722,-0.118,1,0,0
0.1415,0.722,-0.113,1,0,0
0.1465,0.722,-0.158,1,0,0
0.1465,0.722,-0.153,1,0,0
0.1465,0.722,-0.148,1,0,0
0.1465,0.722,-0.143,1,0,0
0.1465,0.722,-0.138,1,0,0
0.1465,0.722,-0.133,1,0,0
0.1465,0.722,-0.128,1,0,0
0.1465,0.722,-0.123,1,0,0
0.1465,0.722,-0.118,1,0,0
0.1465,0.722,-0.113,1,0,0
0.1515,0.722,-0.158,1,0,0
0.1515,0.722,-0.153,1,0,0
0.1515,0.722,-0.148,1,0,0
0.1515,0.722,-0.143,1,0,0
0.1515,0.722,-0.138,1,0,0
0.1515,0.722,-0.133,1,0,0
0.1515,0.722,-0.128,1,0,0
0.1515,0.722,-0.123,1,0,0
0.1515,0.722,-0.118,1,0,0
0.1515,0.722,-0.113,1,0,0
0.1565,0.722,-0.158,1,0,0
0.1565,0.722,-0.153,1,0,0
0.1565,0.722,-0.148,1,0,0
0.1565,0.722,-0.143,1,0,0
0.1565,0.722,-0.138,1,0,0
0.1565,0.722,-0.133,1,0,0
0.1565,0.722,-0.128,1,0,0
0.1565,0.722,-0.123,1,0,0
0.1565,0.722,-0.118,1,0,0
0.1565,0.722,-0.113,1,0,0
0.1615,0.722,-0.158,1,0,0
0.1615,0.722,-0.153,1,0,0
0.1615,0.722,-0.148,1,0,0
0.1615,0.722,-0.143,1,0,0
0.1615,0.722,-0.138,1,0,0
0.1615,0.722,-0.133,1,0,0
0.1615,0.722,-0.128,1,0,0
0.1615,0.722,-0.123,1,0,0
0.1615,0.722,-0.118,1,0,0
0.1615,0.722,-0.113,1,0,0
0.1665,0.722,-0.158,1,0,0
0.1665,0.722,-0.153,1,0,0
0.1665,0.722,-0.148,1,0,0
0.1665,0.722,-0.143,1,0,0
0.1665,0.722,-0.138,1,0,0
0.1665,0.722,-0.133,1,0,0
0.1665,0.722,-0.128,1,0,0
0.1665,0.722,-0.123,1,0,0
0.1665,0.722,-0.118,1,0,0
0.1665,0.722,-0.113,1,0,0
0.0515,0.727,-0.158,1,0,0
0.0515,0.727,-0.153,1,0,0
0.0515,0.727,-0.148,1,0,0
0.0515,0.727,-0.143,1,0,0
0.0515,0.727,-0.138,1,0,0
0.0515,0.727,-0.133,1,0,0
0.0515,0.727,-0.128,1,0,0
0.0515,0.727,-0.123,1,0,0
0.0515,0.727,-0.118,1,0,0
0.0515,0.727,-0.113,1,0,0
0.0565,0.727,-0.158,1,0,0
0.0565,0.727,-0.153,1,0,0
0.0565,0.727,-0.148,1,0,0
0.0565,0.727,-0.143,1,0,0
0.0565,0.727,-0.138,1,0,0
0.0565,0.727,-0.133,1,0,0
0.0565,0.727,-0.128,1,0,0
0.0565,0.727,-0.123,1,0,0
0.0565,0.727,-0.118,1,0,0
0.0565,0.727,-0.113,1,0,0
0.0615,0.727,-0.158,1,0,0
0.0615,0.727,-0.153,1,0,0
0.0615,0.727,-0.148,1,0,0
0.0615,0.727,-0.143,1,0,0
0.0615,0.727,-0.138,1,0,0
0.0615,0.727,-0.133,1,0,0
0.0615,0.727,-0.128,1,0,0
0.0615,0.727,-0.123,1,0,0
0.0615,0.727,-0.118,1,0,0
0.0615,0.727,-0.113,1,0,0
0.0665,0.727,-0.158,1,0,0
0.0665,0.727,-0.153,1,0,0
0.0665,0.727,-0.148,1,0,0
0.0665,0.727,-0.143,1,0,0
0.0665,0.727,-0.138,1,0,0
0.0665,0.727,-0.133,1,0,0
0.0665,0.727,-0.128,1,0,0
0.0665,0.727,-0.123,1,0,0
0.0665,0.727,-0.118,1,0,0
0.0665,0.727,-0.113,1,0,0
0.0715,0.727,-0.158,1,0,0
0.0715,0.727,-0.153,1,0,0
0.0715,0.727,-0.148,1,0,0
0.0715,0.727,-0.143,1,0,0
0.0715,0.727,-0.138,1,0,0
0.0715,0.727,-0.133,1,0,0
0.0715,0.727,-0.128,1,0,0
0.0715,0.727,-0.123,1,0,0
0.0715,0.727,-0.118,1,0,0
0.0715,0.727,-0.113,1,0,0
0.0765,0.727,-0.158,1,0,0
0.0765,0.727,-0.153,1,0,0
0.0765,0.727,-0.148,1,0,0
0.0765,0.727,-0.143,1,0,0
0.0765,0.727,-0.138,1,0,0
0.0765,0.727,-0.133,1,0,0
0.0765,0.727,-0.128,1,0,0
0.0765,0.727,-0.123,1,0,0
0.0765,0.727,-0.118,1,0,0
0.0765,0.727,-0.113,1,0,0
0.0815,0.727,-0.158,1,0,0
0.0815,0.727,-0.153,1,0,0
0.0815,0.727,-0.148,1,0,0
0.0815,0.727,-0.143,1,0,0
0.0815,0.727,-0.138,1,0,0
0.0815,0.727,-0.133,1,0,0
0.0815,0.727,-0.128,1,0,0
0.0815,0.727,-0.123,1,0,0
0.0815,0.727,-0.118,1,0,0
0.0815,0.727,-0.113,1,0,0
0.0865,0.727,-0.158,1,0,0
0.0865,0.727,-0.153,1,0,0
0.0865,0.727,-0.148,1,0,0
0.0865,0.727,-0.143,1,0,0
0.0865,0.727,-0.138,1,0,0
0.0865,0.727,-0.133,1,0,0
0.0865,0.727,-0.128,1,0,0
0.0865,0.727,-0.123,1,0,0
0.0865,0.727,-0.118,1,0,0
0.0865,0.727,-0.113,1,0,0
0.0915,0.727,-0.158,1,0,0
0.0915,0.727,-0.153,1,0,0
0.0915,0.727,-0.148,1,0,0
0.0915,0.727,-0.143,1,0,0
0.0915,0.727,-0.138,1,0,0
0.0915,0.727,-0.133,1,0,0
0.0915,0.727,-0.128,1,0,0
0.0915,0.727,-0.123,1,0,0
0.0915,0.727,-0.118,1,0,0
0.0915,0.727,-0.113,1,0,0
0.0965,0.727,-0.158,1,0,0
0.0965,0.727,-0.153,1,0,0
0.0965,0.727,-0.148,1,0,0
0.0965,0.727,-0.143,1,0,0
0.0965,0.727,-0.138,1,0,0
0.0965,0.727,-0.133,1,0,0
0.0965,0.727,-0.128,1,0,0
0.0965,0.727,-0.123,1,0,0
0.0965,0.727,-0.118,1,0,0
0.0965,0.727,-0.113,1,0,0
0.1015,0.727,-0.158,1,0,0
0.1015,0.727,-0.153,1,0,0
0.1015,0.727,-0.148,1,0,0
0.1015,0.727,-0.143,1,0,0
0.1015,0.727,-0.138,1,0,0
0.1015,0.727,-0.133,1,0,0
0.1015,0.727,-0.128,1,0,0
0.1015,0.727,-0.123,1,0,0
0.1015,0.727,-0.118,1,0,0
0.1015,0.727,-0.113,1,0,0
0.1065,0.727,-0.158,1,0,0
0.1065,0.727,-0.153,1,0,0
0.1065,0.727,-0.148,1,0,0
0.1065,0.727,-0.143,1,0,0
0.1065,0.727,-0.138,1,0,0
0.1065,0.727,-0.133,1,0,0
0.1065,0.727,-0.128,1,0,0
0.1065,0.727,-0.123,1,0,0
0.1065,0.727,-0.118,1,0,0
0.1065,0.727,-0.113,1,0,0
0.1115,0.727,-0.158,1,0,0
0.1115,0.727,-0.153,1,0,0
0.1115,0.727,-0.148,1,0,0
0.1115,0.727,-0.143,1,0,0
0.1115,0.727,-0.138,1,0,0
0.1115,0.727,-0.133,1,0,0
0.1115,0.727,-0.128,1,0,0
0.1115,0.727,-0.123,1,0,0
0.1115,0.727,-0.118,1,0,0
0.1115,0.727,-0.113,1,0,0
0.1165,0.727,-0.158,1,0,0
0.1165,0.727,-0.153,1,0,0
0.1165,0.727,-0.148,1,0,0
0.1165,0.727,-0.143,1,0,0
0.1165,0.727,-0.138,1,0,0
0.1165,0.727,-0.133,1,0,0
0.1165,0.727,-0.128,1,0,0
0.1165,0.727,-0.123,1,0,0
0.1165,0.727,-0.118,1,0,0
0.1165,0.727,-0.113,1,0,0
0.1215,0.727,-0.158,1,0,0
0.1215,0.727,-0.153,1,0,0
0.1215,0.727,-0.148,1,0,0
0.1215,0.727,-0.143,1,0,0
0.1215,0.727,-0.138,1,0,0
0.1215,0.727,-0.133,1,0,0
0.1215,0.727,-0.128,1,0,0
0.1215,0.727,-0.123,1,0,0
0.1215,0.727,-0.118,1,0,0
0.1215,0.727,-0.113,1,0,0
0.1265,0.727,-0.158,1,0,0
0.1265,0.727,-0.153,1,0,0
0.1265,0.727,-0.148,1,0,0
0.1265,0.727,-0.143,1,0,0
0.1265,0.727,-0.138,1,0,0
0.1265,0.727,-0.133,1,0,0
0.1265,0.727,-0.128,1,0,0
0.1265,0.727,-0.123,1,0,0
0.1265,0.727,-0.118,1,0,0
0.1265,0.727,-0.113,1,0,0
0.1315,0.727,-0.158,1,0,0
0.1315,0.727,-0.153,1,0,0
0.1315,0.727,-0.148,1,0,0
0.1315,0.727,-0.143,1,0,0
0.1315,0.727,-0.138,1,0,0
0.1315,0.727,-0.133,1,0,0
0.1315,0.727,-0.128,1,0,0
0.1315,0.727,-0.123,1,0,0
0.1315,0.727,-0.118,1,0,0
0.1315,0.727,-0.113,1,0,0
0.1365,0.727,-0.158,1,0,0
0.1365,0.727,-0.153,1,0,0
0.1365,0.727,-0.148,1,0,0
0.1365,0.727,-0.143,1,0,0
0.1365,0.727,-0.138,1,0,0
0.1365,0.727,-0.133,1,0,0
0.1365,0.727,-0.128,1,0,0
0.1365,0.727,-0.123,1,0,0
0.1365,0.727,-0.118,1,0,0
0.1365,0.727,-0.113,1,0,0
0.1415,0.727,-0.158,1,0,0
0.1415,0.727,-0.153,1,0,0
0.1415,0.727,-0.148,1,0,0
0.1415,0.727,-0.143,1,0,0
0.1415,0.727,-0.138,1,0,0
0.1415,0.727,-0.133,1,0,0
0.1415,0.727,-0.128,1,0,0
0.1415,0.727,-0.123,1,0,0
0.1415,0.727,-0.118,1,0,0
0.1415,0.727,-0.113,1,0,0
0.1465,0.727,-0.158,1,0,0
0.1465,0.727,-0.153,1,0,0
0.1465,0.727,-0.148,1,0,0
0.1465,0.727,-0.143,1,0,0
0.1465,0.727,-0.138,1,0,0
0.1465,0.727,-0.133,1,0,0
0.1465,0.727,-0.128,1,0,0
0.1465,0.727,-0.123,1,0,0
0.1465,0.727,-0.118,1,0,0
0.1465,0.727,-0.113,1,0,0
0.1515,0.727,-0.158,1,0,0
0.1515,0.727,-0.153,1,0,0
0.1515,0.727,-0.148,1,0,0
0.1515,0.727,-0.143,1,0,0
0.1515,0.727,-0.138,1,0,0
0.1515,0.727,-0.133,1,0,0
0.1515,0.727,-0.128,1,0,0
0.1515,0.727,-0.123,1,0,0
0.1515,0.727,-0.118,1,0,0
0.1515,0.727,-0.113,1,0,0
0.1565,0.727,-0.158,1,0,0
0.1565,0.727,-0.153,1,0,0
0.1565,0.727,-0.148,1,0,0
0.1565,0.727,-0.143,1,0,0
0.1565,0.727,-0.138,1,0,0
0.1565,0.727,-0.133,1,0,0
0.1565,0.727,-0.128,1,0,0
0.1565,0.727,-0.123,1,0,0
0.1565,0.727,-0.118,1,0,0
0.1565,0.727,-0.113,1,0,0
0.1615,0.727,-0.158,1,0,0
0.1615,0.727,-0.153,1,0,0
0.1615,0.727,-0.148,1,0,0
0.1615,0.727,-0.143,1,0,0
0.1615,0.727,-0.138,1,0,0
0.1615,0.727,-0.133,1,0,0
0.1615,0.727,-0.128,1,0,0
0.1615,0.727,-0.123,1,0,0
0.1615,0.727,-0.118,1,0,0
0.1615,0.727,-0.113,1,0,0
0.1665,0.727,-0.158,1,0,0
0.1665,0.727,-0.153,1,0,0
0.1665,0.727,-0.148,1,0,0
0.1665,0.727,-0.143,1,0,0
0.1665,0.727,-0.138,1,0,0
0.1665,0.727,-0.133,1,0,0
0.1665,0.727,-0.128,1,0,0
0.1665,0.727,-0.123,1,0,0
0.1665,0.727,-0.118,1,0,0
0.1665,0.727,-0.113,1,0,0
0.0515,0.732,-0.158,1,0,0
0.0515,0.732,-0.153,1,0,0
0.0515,0.732,-0.148,1,0,0
0.0515,0.732,-0.143,1,0,0
0.0515,0.732,-0.138,1,0,0
0.0515,0.732,-0.133,1,0,0
0.0515,0.732,-0.128,1,0,0
0.0515,0.732,-0.123,1,0,0
0.0515,0.732,-0.118,1,0,0
0.0515,0.732,-0.113,1,0,0
0.0565,0.732,-0.158,1,0,0
0.0565,0.732,-0.153,1,0,0
0.0565,0.732,-0.148,1,0,0
0.0565,0.732,-0.143,1,0,0
0.0565,0.732,-0.138,1,0,0
0.0565,0.732,-0.133,1,0,0
0.0565,0.732,-0.128,1,0,0
0.0565,0.732,-0.123,1,0,0
0.0565,0.732,-0.118,1,0,0
0.0565,0.732,-0.113,1,0,0
0.0615,0.732,-0.158,1,0,0
0.0615,0.732,-0.153,1,0,0
0.0615,0.732,-0.148,1,0,0
0.0615,0.732,-0.143,1,0,0
0.0615,0.732,-0.138,1,0,0
0.0615,0.732,-0.133,1,0,0
0.0615,0.732,-0.128,1,0,0
0.0615,0.732,-0.123,1,0,0
0.0615,0.732,-0.118,1,0,0
0.0615,0.732,-0.113,1,0,0
0.0665,0.732,-0.158,1,0,0
0.0665,0.732,-0.153,1,0,0
0.0665,0.732,-0.148,1,0,0
0.0665,0.732,-0.143,1,0,0
0.0665,0.732,-0.138,1,0,0
0.0665,0.732,-0.133,1,0,0
0.0665,0.732,-0.128,1,0,0
0.0665,0.732,-0.123,1,0,0
0.0665,0.732,-0.118,1,0,0
0.0665,0.732,-0.113,1,0,0
0.0715,0.732,-0.158,1,0,0
0.0715,0.732,-0.153,1,0,0
0.0715,0.732,-0.148,1,0,0
0.0715,0.732,-0.143,1,0,0
0.0715,0.732,-0.138,1,0,0
0.0715,0.732,-0.133,1,0,0
0.0715,0.732,-0.128,1,0,0
0.0715,0.732,-0.123,1,0,0
0.0715,0.732,-0.118,1,0,0
0.0715,0.732,-0.113,1,0,0
0.0765,0.732,-0.158,1,0,0
0.0765,0.732,-0.153,1,0,0
0.0765,0.732,-0.148,1,0,0
0.0765,0.732,-0.143,1,0,0
0.0765,0.732,-0.138,1,0,0
0.0765,0.732,-0.133,1,0,0
0.0765,0.732,-0.128,1,0,0
0.0765,0.732,-0.123,1,0,0
0.0765,0.732,-0.118,1,0,0
0.0765,0.732,-0.113,1,0,0
0.0815,0.732,-0.158,1,0,0
0.0815,0.732,-0.153,1,0,0
0.0815,0.732,-0.148,1,0,0
0.0815,0.732,-0.143,1,0,0
0.0815,0.732,-0.138,1,0,0
0.0815,0.732,-0.133,1,0,0
0.0815,0.732,-0.128,1,0,0
0.0815,0.732,-0.123,1,0,0
0.0815,0.732,-0.118,1,0,0
0.0815,0.732,-0.113,1,0,0
0.0865,0.732,-0.158,1,0,0
0.0865,0.732,-0.153,1,0,0
0.0865,0.732,-0.148,1,0,0
0.0865,0.732,-0.143,1,0,0
0.0865,0.732,-0.138,1,0,0
0.0865,0.732,-0.133,1,0,0
0.0865,0.732,-0.128,1,0,0
0.0865,0.732,-0.123,1,0,0
0.0865,0.732,-0.118,1,0,0
0.0865,0.732,-0.113,1,0,0
0.0915,0.732,-0.158,1,0,0
0.0915,0.732,-0.153,1,0,0
0.0915,0.732,-0.148,1,0,0
0.0915,0.732,-0.143,1,0,0
0.0915,0.732,-0.138,1,0,0
0.0915,0.732,-0.133,1,0,0
0.0915,0.732,-0.128,1,0,0
0.0915,0.732,-0.123,1,0,0
0.0915,0.732,-0.118,1,0,0
0.0915,0.732,-0.113,1,0,0
0.0965,0.732,-0.158,1,0,0
0.0965,0.732,-0.153,1,0,0
0.0965,0.732,-0.148,1,0,0
0.0965,0.732,-0.143,1,0,0
0.0965,0.732,-0.138,1,0,0
0.0965,0.732,-0.133,1,0,0
0.0965,0.732,-0.128,1,0,0
0.0965,0.732,-0.123,1,0,0
0.0965,0.732,-0.118,1,0,0
0.0965,0.732,-0.113,1,0,0
0.1015,0.732,-0.158,1,0,0
0.1015,0.732,-0.153,1,0,0
0.1015,0.732,-0.148,1,0,0
0.1015,0.732,-0.143,1,0,0
0.1015,0.732,-0.138,1,0,0
0.1015,0.732,-0.133,1,0,0
0.1015,0.732,-0.128,1,0,0
0.1015,0.732,-0.123,1,0,0
0.1015,0.732,-0.118,1,0,0
0.1015,0.732,-0.113,1,0,0
0.1065,0.732,-0.158,1,0,0
0.1065,0.732,-0.153,1,0,0
0.1065,0.732,-0.148,1,0,0
0.1065,0.732,-0.143,1,0,0
0.1065,0.732,-0.138,1,0,0
0.1065,0.732,-0.133,1,0,0
0.1065,0.732,-0.128,1,0,0
0.1065,0.732,-0.123,1,0,0
0.1065,0.732,-0.118,1,0,0
0.1065,0.732,-0.113,1,0,0
0.1115,0.732,-0.158,1,0,0
0.1115,0.732,-0.153,1,0,0
0.1115,0.732,-0.148,1,0,0
0.1115,0.732,-0.143,1,0,0
0.1115,0.732,-0.138,1,0,0
0.1115,0.732,-0.133,1,0,0
0.1115,0.732,-0.128,1,0,0
0.1115,0.732,-0.123,1,0,0
0.1115,0.732,-0.118,1,0,0
0.1115,0.732,-0.113,1,0,0
0.1165,0.732,-0.158,1,0,0
0.1165,0.732,-0.153,1,0,0
0.1165,0.732,-0.148,1,0,0
0.1165,0.732,-0.143,1,0,0
0.1165,0.732,-0.138,1,0,0
0.1165,0.732,-0.133,1,0,0
0.1165,0.732,-0.128,1,0,0
0.1165,0.732,-0.123,1,0,0
0.1165,0.732,-0.118,1,0,0
0.1165,0.732,-0.113,1,0,0
0.1215,0.732,-0.158,1,0,0
0.1215,0.732,-0.153,1,0,0
0.1215,0.732,-0.148,1,0,0
0.1215,0.732,-0.143,1,0,0
0.1215,0.732,-0.138,1,0,0
0.1215,0.732,-0.133,1,0,0
0.1215,0.732,-0.128,1,0,0
0.1215,0.732,-0.123,1,0,0
0.1215,0.732,-0.118,1,0,0
0.1215,0.732,-0.113,1,0,0
0.1265,0.732,-0.158,1,0,0
0.1265,0.732,-0.153,1,0,0
0.1265,0.732,-0.148,1,0,0
0.1265,0.732,-0.143,1,0,0
0.1265,0.732,-0.138,1,0,0
0.1265,0.732,-0.133,1,0,0
0.1265,0.732,-0.128,1,0,0
0.1265,0.732,-0.123,1,0,0
0.1265,0.732,-0.118,1,0,0
0.1265,0.732,-0.113,1,0,0
0.1315,0.732,-0.158,1,0,0
0.1315,0.732,-0.153,1,0,0
0.1315,0.732,-0.148,1,0,0
0.1315,0.732,-0.143,1,0,0
0.1315,0.732,-0.138,1,0,0
0.1315,0.732,-0.133,1,0,0
0.1315,0.732,-0.128,1,0,0
0.1315,0.732,-0.123,1,0,0
0.1315,0.732,-0.118,1,0,0
0.1315,0.732,-0.113,1,0,0
0.1365,0.732,-0.158,1,0,0
0.1365,0.732,-0.153,1,0,0
0.1365,0.732,-0.148,1,0,0
0.1365,0.732,-0.143,1,0,0
0.1365,0.732,-0.138,1,0,0
0.1365,0.732,-0.133,1,0,0
0.1365,0.732,-0.128,1,0,0
0.1365,0.732,-0.123,1,0,0
0.1365,0.732,-0.118,1,0,0
0.1365,0.732,-0.113,1,0,0
0.1415,0.732,-0.158,1,0,0
0.1415,0.732,-0.153,1,0,0
0.1415,0.732,-0.148,1,0,0
0.1415,0.732,-0.143,1,0,0
0.1415,0.732,-0.138,1,0,0
0.1415,0.732,-0.133,1,0,0
0.1415,0.732,-0.128,1,0,0
0.1415,0.732,-0.123,1,0,0
0.1415,0.732,-0.118,1,0,0
0.1415,0.732,-0.113,1,0,0
0.1465,0.732,-0.158,1,0,0
0.1465,0.732,-0.153,1,0,0
0.1465,0.732,-0.148,1,0,0
0.1465,0.732,-0.143,1,0,0
0.1465,0.732,-0.138,1,0,0
0.1465,0.732,-0.133,1,0,0
0.1465,0.732,-0.128,1,0,0
0.1465,0.732,-0.123,1,0,0
0.1465,0.732,-0.118,1,0,0
0.1465,0.732,-0.113,1,0,0
0.1515,0.732,-0.158,1,0,0
0.1515,0.732,-0.153,1,0,0
0.1515,0.732,-0.148,1,0,0
0.1515,0.732,-0.143,1,0,0
0.1515,0.732,-0.138,1,0,0
0.1515,0.732,-0.133,1,0,0
0.1515,0.732,-0.128,1,0,0
0.1515,0.732,-0.123,1,0,0
0.1515,0.732,-0.118,1,0,0
0.1515,0.732,-0.113,1,0,0
0.1565,0.732,-0.158,1,0,0
0.1565,0.732,-0.153,1,0,0
0.1565,0.732,-0.148,1,0,0
0.1565,0.732,-0.143,1,0,0
0.1565,0.732,-0.138,1,0,0
0.1565,0.732,-0.133,1,0,0
0.1565,0.732,-0.128,1,0,0
0.1565,0.732,-0.123,1,0,0
0.1565,0.732,-0.118,1,0,0
0.1565,0.732,-0.113,1,0,0
0.1615,0.732,-0.158,1,0,0
0.1615,0.732,-0.153,1,0,0
0.1615,0.732,-0.148,1,0,0
0.1615,0.732,-0.143,1,0,0
0.1615,0.732,-0.138,1,0,0
0.1615,0.732,-0.133,1,0,0
0.1615,0.732,-0.128,1,0,0
0.1615,0.732,-0.123,1,0,0
0.1615,0.732,-0.118,1,0,0
0.1615,0.732,-0.113,1,0,0
0.1665,0.732,-0.158,1,0,0
0.1665,0.732,-0.153,1,0,0
0.1665,0.732,-0.148,1,0,0
0.1665,0.732,-0.143,1,0,0
0.1665,0.732,-0.138,1,0,0
0.1665,0.732,-0.133,1,0,0
0.1665,0.732,-0.128,1,0,0
0.1665,0.732,-0.123,1,0,0
0.1665,0.732,-0.118,1,0,0
0.1665,0.732,-0.113,1,0,0
0.0515,0.737,-0.158,1,0,0
0.0515,0.737,-0.153,1,0,0
0.0515,0.737,-0.148,1,0,0
0.0515,0.737,-0.143,1,0,0
0.0515,0.737,-0.138,1,0,0
0.0515,0.737,-0.133,1,0,0
0.0515,0.737,-0.128,1,0,0
0.0515,0.737,-0.123,1,0,0
0.0515,0.737,-0.118,1,0,0
0.0515,0.737,-0.113,1,0,0
0.0565,0.737,-0.158,1,0,0
0.0565,0.737,-0.153,1,0,0
0.0565,0.737,-0.148,1,0,0
0.0565,0.737,-0.143,1,0,0
0.0565,0.737,-0.138,1,0,0
0.0565,0.737,-0.133,1,0,0
0.0565,0.737,-0.128,1,0,0
0.0565,0.737,-0.123,1,0,0
0.0565,0.737,-0.118,1,0,0
0.0565,0.737,-0.113,1,0,0
0.0615,0.737,-0.158,1,0,0
0.0615,0.737,-0.153,1,0,0
0.0615,0.737,-0.148,1,0,0
0.0615,0.737,-0.143,1,0,0
0.0615,0.737,-0.138,1,0,0
0.0615,0.737,-0.133,1,0,0
0.0615,0.737,-0.128,1,0,0
0.0615,0.737,-0.123,1,0,0
0.0615,0.737,-0.118,1,0,0
0.0615,0.737,-0.113,1,0,0
0.0665,0.737,-0.158,1,0,0
0.0665,0.737,-0.153,1,0,0
0.0665,0.737,-0.148,1,0,0
0.0665,0.737,-0.143,1,0,0
0.0665,0.737,-0.138,1,0,0
0.0665,0.737,-0.133,1,0,0
0.0665,0.737,-0.128,1,0,0
0.0665,0.737,-0.123,1,0,0
0.0665,0.737,-0.118,1,0,0
0.0665,0.737,-0.113,1,0,0
0.0715,0.737,-0.158,1,0,0
0.0715,0.737,-0.153,1,0,0
0.0715,0.737,-0.148,1,0,0
0.0715,0.737,-0.143,1,0,0
0.0715,0.737,-0.138,1,0,0
0.0715,0.737,-0.133,1,0,0
0.0715,0.737,-0.128,1,0,0
0.0715,0.737,-0.123,1,0,0
0.0715,0.737,-0.118,1,0,0
0.0715,0.737,-0.113,1,0,0
0.0765,0.737,-0.158,1,0,0
0.0765,0.737,-0.153,1,0,0
0.0765,0.737,-0.148,1,0,0
0.0765,0.737,-0.143,1,0,0
0.0765,0.737,-0.138,1,0,0
0.0765,0.737,-0.133,1,0,0
0.0765,0.737,-0.128,1,0,0
0.0765,0.737,-0.123,1,0,0
0.0765,0.737,-0.118,1,0,0
0.0765,0.737,-0.113,1,0,0
0.0815,0.737,-0.158,1,0,0
0.0815,0.737,-0.153,1,0,0
0.0815,0.737,-0.148,1,0,0
0.0815,0.737,-0.143,1,0,0
0.0815,0.737,-0.138,1,0,0
0.0815,0.737,-0.133,1,0,0
0.0815,0.737,-0.128,1,0,0
0.0815,0.737,-0.123,1,0,0
0.0815,0.737,-0.118,1,0,0
0.0815,0.737,-0.113,1,0,0
0.0865,0.737,-0.158,1,0,0
0.0865,0.737,-0.153,1,0,0
0.0865,0.737,-0.148,1,0,0
0.0865,0.737,-0.143,1,0,0
0.0865,0.737,-0.138,1,0,0
0.0865,0.737,-0.133,1,0,0
0.0865,0.737,-0.128,1,0,0
0.0865,0.737,-0.123,1,0,0
0.0865,0.737,-0.118,1,0,0
0.0865,0.737,-0.113,1,0,0
0.0915,0.737,-0.158,1,0,0
0.0915,0.737,-0.153,1,0,0
0.0915,0.737,-0.148,1,0,0
0.0915,0.737,-0.143,1,0,0
0.0915,0.737,-0.138,1,0,0
0.0915,0.737,-0.133,1,0,0
0.0915,0.737,-0.128,1,0,0
0.0915,0.737,-0.123,1,0,0
0.0915,0.737,-0.118,1,0,0
0.0915,0.737,-0.113,1,0,0
0.0965,0.737,-0.158,1,0,0
0.0965,0.737,-0.153,1,0,0
0.0965,0.737,-0.148,1,0,0
0.0965,0.737,-0.143,1,0,0
0.0965,0.737,-0.138,1,0,0
0.0965,0.737,-0.133,1,0,0
0.0965,0.737,-0.128,1,0,0
0.0965,0.737,-0.123,1,0,0
0.0965,0.737,-0.118,1,0,0
0.0965,0.737,-0.113,1,0,0
0.1015,0.737,-0.158,1,0,0
0.1015,0.737,-0.153,1,0,0
0.1015,0.737,-0.148,1,0,0
0.1015,0.737,-0.143,1,0,0
0.1015,0.737,-0.138,1,0,0
0.1015,0.737,-0.133,1,0,0
0.1015,0.737,-0.128,1,0,0
0.1015,0.737,-0.123,1,0,0
0.1015,0.737,-0.118,1,0,0
0.1015,0.737,-0.113,1,0,0
0.1065,0.737,-0.158,1,0,0
0.1065,0.737,-0.153,1,0,0
0.1065,0.737,-0.148,1,0,0
0.1065,0.737,-0.143,1,0,0
0.1065,0.737,-0.138,1,0,0
0.1065,0.737,-0.133,1,0,0
0.1065,0.737,-0.128,1,0,0
0.1065,0.737,-0.123,1,0,0
0.1065,0.737,-0.118,1,0,0
0.1065,0.737,-0.113,1,0,0
0.1115,0.737,-0.158,1,0,0
0.1115,0.737,-0.153,1,0,0
0.1115,0.737,-0.148,1,0,0
0.1115,0.737,-0.143,1,0,0
0.1115,0.737,-0.138,1,0,0
0.1115,0.737,-0.133,1,0,0
0.1115,0.737,-0.128,1,0,0
0.1115,0.737,-0.123,1,0,0
0.1115,0.737,-0.118,1,0,0
0.1115,0.737,-0.113,1,0,0
0.1165,0.737,-0.158,1,0,0
0.1165,0.737,-0.153,1,0,0
0.1165,0.737,-0.148,1,0,0
0.1165,0.737,-0.143,1,0,0
0.1165,0.737,-0.138,1,0,0
0.1165,0.737,-0.133,1,0,0
0.1165,0.737,-0.128,1,0,0
0.1165,0.737,-0.123,1,0,0
0.1165,0.737,-0.118,1,0,0
0.1165,0.737,-0.113,1,0,0
0.1215,0.737,-0.158,1,0,0
0.1215,0.737,-0.153,1,0,0
0.1215,0.737,-0.148,1,0,0
0.1215,0.737,-0.143,1,0,0
0.1215,0.737,-0.138,1,0,0
0.1215,0.737,-0.133,1,0,0
0.1215,0.737,-0.128,1,0,0
0.1215,0.737,-0.123,1,0,0
0.1215,0.737,-0.118,1,0,0
0.1215,0.737,-0.113,1,0,0
0.1265,0.737,-0.158,1,0,0
0.1265,0.737,-0.153,1,0,0
0.1265,0.737,-0.148,1,0,0
0.1265,0.737,-0.143,1,0,0
0.1265,0.737,-0.138,1,0,0
0.1265,0.737,-0.133,1,0,0
0.1265,0.737,-0.128,1,0,0
0.1265,0.737,-0.123,1,0,0
0.1265,0.737,-0.118,1,0,0
0.1265,0.737,-0.113,1,0,0
0.1315,0.737,-0.158,1,0,0
0.1315,0.737,-0.153,1,0,0
0.1315,0.737,-0.148,1,0,0
0.1315,0.737,-0.143,1,0,0
0.1315,0.737,-0.138,1,0,0
0.1315,0.737,-0.133,1,0,0
0.1315,0.737,-0.128,1,0,0
0.1315,0.737,-0.123,1,0,0
0.1315,0.737,-0.118,1,0,0
0.1315,0.737,-0.113,1,0,0
0.1365,0.737,-0.158,1,0,0
0.1365,0.737,-0.153,1,0,0
0.1365,0.737,-0.148,1,0,0
0.1365,0.737,-0.143,1,0,0
0.1365,0.737,-0.138,1,0,0
0.1365,0.737,-0.133,1,0,0
0.1365,0.737,-0.128,1,0,0
0.1365,0.737,-0.123,1,0,0
0.1365,0.737,-0.118,1,0,0
0.1365,0.737,-0.113,1,0,0
0.1415,0.737,-0.158,1,0,0
0.1415,0.737,-0.153,1,0,0
0.1415,0.737,-0.148,1,0,0
0.1415,0.737,-0.143,1,0,0
0.1415,0.737,-0.138,1,0,0
0.1415,0.737,-0.133,1,0,0
0.1415,0.737,-0.128,1,0,0
0.1415,0.737,-0.123,1,0,0
0.1415,0.737,-0.118,1,0,0
0.1415,0.737,-0.113,1,0,0
0.1465,0.737,-0.158,1,0,0
0.1465,0.737,-0.153,1,0,0
0.1465,0.737,-0.148,1,0,0
0.1465,0.737,-0.143,1,0,0
0.1465,0.737,-0.138,1,0,0
0.1465,0.737,-0.133,1,0,0
0.1465,0.737,-0.128,1,0,0
0.1465,0.737,-0.123,1,0,0
0.1465,0.737,-0.118,1,0,0
0.1465,0.737,-0.113,1,0,0
0.1515,0.737,-0.158,1,0,0
0.1515,0.737,-0.153,1,0,0
0.1515,0.737,-0.148,1,0,0
0.1515,0.737,-0.143,1,0,0
0.1515,0.737,-0.138,1,0,0
0.1515,0.737,-0.133,1,0,0
0.1515,0.737,-0.128,1,0,0
0.1515,0.737,-0.123,1,0,0
0.1515,0.737,-0.118,1,0,0
0.1515,0.737,-0.113,1,0,0
0.1565,0.737,-0.158,1,0,0
0.1565,0.737,-0.153,1,0,0
0.1565,0.737,-0.148,1,0,0
0.1565,0.737,-0.143,1,0,0
0.1565,0.737,-0.138,1,0,0
0.1565,0.737,-0.133,1,0,0
0.1565,0.737,-0.128,1,0,0
0.1565,0.737,-0.123,1,0,0
0.1565,0.737,-0.118,1,0,0
0.1565,0.737,-0.113,1,0,0
0.1615,0.737,-0.158,1,0,0
0.1615,0.737,-0.153,1,0,0
0.1615,0.737,-0.148,1,0,0
0.1615,0.737,-0.143,1,0,0
0.1615,0.737,-0.138,1,0,0
0.1615,0.737,-0.133,1,0,0
0.1615,0.737,-0.128,1,0,0
0.1615,0.737,-0.123,1,0,0
0.1615,0.737,-0.118,1,0,0
0.1615,0.737,-0.113,1,0,0
0.1665,0.737,-0.158,1,0,0
0.1665,0.737,-0.153,1,0,0
0.1665,0.737,-0.148,1,0,0
0.1665,0.737,-0.143,1,0,0
0.1665,0.737,-0.138,1,0,0
0.1665,0.737,-0.133,1,0,0
0.1665,0.737,-0.128,1,0,0
0.1665,0.737,-0.123,1,0,0
0.1665,0.737,-0.118,1,0,0
0.1665,0.737,-0.113,1,0,0
0.0515,0.742,-0.158,1,0,0
0.0515,0.742,-0.153,1,0,0
0.0515,0.742,-0.148,1,0,0
0.0515,0.742,-0.143,1,0,0
0.0515,0.742,-0.138,1,0,0
0.0515,0.742,-0.133,1,0,0
0.0515,0.742,-0.128,1,0,0
0.0515,0.742,-0.123,1,0,0
0.0515,0.742,-0.118,1,0,0
0.0515,0.742,-0.113,1,0,0
0.0565,0.742,-0.158,1,0,0
0.0565,0.742,-0.153,1,0,0
0.0565,0.742,-0.148,1,0,0
0.0565,0.742,-0.143,1,0,0
0.0565,0.742,-0.138,1,0,0
0.0565,0.742,-0.133,1,0,0
0.0565,0.742,-0.128,1,0,0
0.0565,0.742,-0.123,1,0,0
0.0565,0.742,-0.118,1,0,0
0.0565,0.742,-0.113,1,0,0
0.0615,0.742,-0.158,1,0,0
0.0615,0.742,-0.153,1,0,0
0.0615,0.742,-0.148,1,0,0
0.0615,0.742,-0.143,1,0,0
0.0615,0.742,-0.138,1,0,0
0.0615,0.742,-0.133,1,0,0
0.0615,0.742,-0.128,1,0,0
0.0615,0.742,-0.123,1,0,0
0.0615,0.742,-0.118,1,0,0
0.0615,0.742,-0.113,1,0,0
0.0665,0.742,-0.158,1,0,0
0.0665,0.742,-0.153,1,0,0
0.0665,0.742,-0.148,1,0,0
0.0665,0.742,-0.143,1,0,0
0.0665,0.742,-0.138,1,0,0
0.0665,0.742,-0.133,1,0,0
0.0665,0.742,-0.128,1,0,0
0.0665,0.742,-0.123,1,0,0
0.0665,0.742,-0.118,1,0,0
0.0665,0.742,-0.113,1,0,0
0.0715,0.742,-0.158,1,0,0
0.0715,0.742,-0.153,1,0,0
0.0715,0.742,-0.148,1,0,0
0.0715,0.742,-0.143,1,0,0
0.0715,0.742,-0.138,1,0,0
0.0715,0.742,-0.133,1,0,0
0.0715,0.742,-0.128,1,0,0
0.0715,0.742,-0.123,1,0,0
0.0715,0.742,-0.118,1,0,0
0.0715,0.742,-0.113,1,0,0
0.0765,0.742,-0.158,1,0,0
0.0765,0.742,-0.153,1,0,0
0.0765,0.742,-0.148,1,0,0
0.0765,0.742,-0.143,1,0,0
0.0765,0.742,-0.138,1,0,0
0.0765,0.742,-0.133,1,0,0
0.0765,0.742,-0.128,1,0,0
0.0765,0.742,-0.123,1,0,0
0.0765,0.742,-0.118,1,0,0
0.0765,0.742,-0.113,1,0,0
0.0815,0.742,-0.158,1,0,0
0.0815,0.742,-0.153,1,0,0
0.0815,0.742,-0.148,1,0,0
0.0815,0.742,-0.143,1,0,0
0.0815,0.742,-0.138,1,0,0
0.0815,0.742,-0.133,1,0,0
0.0815,0.742,-0.128,1,0,0
0.0815,0.742,-0.123,1,0,0
0.0815,0.742,-0.118,1,0,0
0.0815,0.742,-0.113,1,0,0
0.0865,0.742,-0.158,1,0,0
0.0865,0.742,-0.153,1,0,0
0.0865,0.742,-0.148,1,0,0
0.0865,0.742,-0.143,1,0,0
0.0865,0.742,-0.138,1,0,0
0.0865,0.742,-0.133,1,0,0
0.0865,0.742,-0.128,1,0,0
0.0865,0.742,-0.123,1,0,0
0.0865,0.742,-0.118,1,0,0
0.0865,0.742,-0.113,1,0,0
0.0915,0.742,-0.158,1,0,0
0.0915,0.742,-0.153,1,0,0
0.0915,0.742,-0.148,1,0,0
0.0915,0.742,-0.143,1,0,0
0.0915,0.742,-0.138,1,0,0
0.0915,0.742,-0.133,1,0,0
0.0915,0.742,-0.128,1,0,0
0.0915,0.742,-0.123,1,0,0
0.0915,0.742,-0.118,1,0,0
0.0915,0.742,-0.113,1,0,0
0.0965,0.742,-0.158,1,0,0
0.0965,0.742,-0.153,1,0,0
0.0965,0.742,-0.148,1,0,0
0.0965,0.742,-0.143,1,0,0
0.0965,0.742,-0.138,1,0,0
0.0965,0.742,-0.133,1,0,0
0.0965,0.742,-0.128,1,0,0
0.0965,0.742,-0.123,1,0,0
0.0965,0.742,-0.118,1,0,0
0.0965,0.742,-0.113,1,0,0
0.1015,0.742,-0.158,1,0,0
0.1015,0.742,-0.153,1,0,0
0.1015,0.742,-0.148,1,0,0
0.1015,0.742,-0.143,1,0,0
0.1015,0.742,-0.138,1,0,0
0.1015,0.742,-0.133,1,0,0
0.1015,0.742,-0.128,1,0,0
0.1015,0.742,-0.123,1,0,0
0.1015,0.742,-0.118,1,0,0
0.1015,0.742,-0.113,1,0,0
0.1065,0.742,-0.158,1,0,0
0.1065,0.742,-0.153,1,0,0
0.1065,0.742,-0.148,1,0,0
0.1065,0.742,-0.143,1,0,0
0.1065,0.742,-0.138,1,0,0
0.1065,0.742,-0.133,1,0,0
0.1065,0.742,-0.128,1,0,0
0.1065,0.742,-0.123,1,0,0
0.1065,0.742,-0.118,1,0,0
0.1065,0.742,-0.113,1,0,0
0.1115,0.742,-0.158,1,0,0
0.1115,0.742,-0.153,1,0,0
0.1115,0.742,-0.148,1,0,0
0.1115,0.742,-0.143,1,0,0
0.1115,0.742,-0.138,1,0,0
0.1115,0.742,-0.133,1,0,0
0.1115,0.742,-0.128,1,0,0
0.1115,0.742,-0.123,1,0,0
0.1115,0.742,-0.118,1,0,0
0.1115,0.742,-0.113,1,0,0
0.1165,0.742,-0.158,1,0,0
0.1165,0.742,-0.153,1,0,0
0.1165,0.742,-0.148,1,0,0
0.1165,0.742,-0.143,1,0,0
0.1165,0.742,-0.138,1,0,0
0.1165,0.742,-0.133,1,0,0
0.1165,0.742,-0.128,1,0,0
0.1165,0.742,-0.123,1,0,0
0.1165,0.742,-0.118,1,0,0
0.1165,0.742,-0.113,1,0,0
0.1215,0.742,-0.158,1,0,0
0.1215,0.742,-0.153,1,0,0
0.1215,0.742,-0.148,1,0,0
0.1215,0.742,-0.143,1,0,0
0.1215,0.742,-0.138,1,0,0
0.1215,0.742,-0.133,1,0,0
0.1215,0.742,-0.128,1,0,0
0.1215,0.742,-0.123,1,0,0
0.1215,0.742,-0.118,1,0,0
0.1215,0.742,-0.113,1,0,0
0.1265,0.742,-0.158,1,0,0
0.1265,0.742,-0.153,1,0,0
0.1265,0.742,-0.148,1,0,0
0.1265,0.742,-0.143,1,0,0
0.1265,0.742,-0.138,1,0,0
0.1265,0.742,-0.133,1,0,0
0.1265,0.742,-0.128,1,0,0
0.1265,0.742,-0.123,1,0,0
0.1265,0.742,-0.118,1,0,0
0.1265,0.742,-0.113,1,0,0
0.1315,0.742,-0.158,1,0,0
0.1315,0.742,-0.153,1,0,0
0.1315,0.742,-0.148,1,0,0
0.1315,0.742,-0.143,1,0,0
0.1315,0.742,-0.138,1,0,0
0.1315,0.742,-0.133,1,0,0
0.1315,0.742,-0.128,1,0,0
0.1315,0.742,-0.123,1,0,0
0.1315,0.742,-0.118,1,0,0
0.1315,0.742,-0.113,1,0,0
0.1365,0.742,-0.158,1,0,0
0.1365,0.742,-0.153,1,0,0
0.1365,0.742,-0.148,1,0,0
0.1365,0.742,-0.143,1,0,0
0.1365,0.742,-0.138,1,0,0
0.1365,0.742,-0.133,1,0,0
0.1365,0.742,-0.128,1,0,0
0.1365,0.742,-0.123,1,0,0
0.1365,0.742,-0.118,1,0,0
0.1365,0.742,-0.113,1,0,0
0.1415,0.742,-0.158,1,0,0
0.1415,0.742,-0.153,1,0,0
0.1415,0.742,-0.148,1,0,0
0.1415,0.742,-0.143,1,0,0
0.1415,0.742,-0.138,1,0,0
0.1415,0.742,-0.133,1,0,0
0.1415,0.742,-0.128,1,0,0
0.1415,0.742,-0.123,1,0,0
0.1415,0.742,-0.118,1,0,0
0.1415,0.742,-0.113,1,0,0
0.1465,0.742,-0.158,1,0,0
0.1465,0.742,-0.153,1,0,0
0.1465,0.742,-0.148,1,0,0
0.1465,0.742,-0.143,1,0,0
0.1465,0.742,-0.138,1,0,0
0.1465,0.742,-0.133,1,0,0
0.1465,0.742,-0.128,1,0,0
0.1465,0.742,-0.123,1,0,0
0.1465,0.742,-0.118,1,0,0
0.1465,0.742,-0.113,1,0,0
0.1515,0.742,-0.158,1,0,0
0.1515,0.742,-0.153,1,0,0
0.1515,0.742,-0.148,1,0,0
0.1515,0.742,-0.143,1,0,0
0.1515,0.742,-0.138,1,0,0
0.1515,0.742,-0.133,1,0,0
0.1515,0.742,-0.128,1,0,0
0.1515,0.742,-0.123,1,0,0
0.1515,0.742,-0.118,1,0,0
0.1515,0.742,-0.113,1,0,0
0.1565,0.742,-0.158,1,0,0
0.1565,0.742,-0.153,1,0,0
0.1565,0.742,-0.148,1,0,0
0.1565,0.742,-0.143,1,0,0
0.1565,0.742,-0.138,1,0,0
0.1565,0.742,-0.133,1,0,0
0.1565,0.742,-0.128,1,0,0
0.1565,0.742,-0.123,1,0,0
0.1565,0.742,-0.118,1,0,0
0.1565,0.742,-0.113,1,0,0
0.1615,0.742,-0.158,1,0,0
0.1615,0.742,-0.153,1,0,0
0.1615,0.742,-0.148,1,0,0
0.1615,0.742,-0.143,1,0,0
0.1615,0.742,-0.138,1,0,0
0.1615,0.742,-0.133,1,0,0
0.1615,0.742,-0.128,1,0,0
0.1615,0.742,-0.123,1,0,0
0.1615,0.742,-0.118,1,0,0
0.1615,0.742,-0.113,1,0,0
0.1665,0.742,-0.158,1,0,0
0.1665,0.742,-0.153,1,0,0
0.1665,0.742,-0.148,1,0,0
0.1665,0.742,-0.143,1,0,0
0.1665,0.742,-0.138,1,0,0
0.1665,0.742,-0.133,1,0,0
0.1665,0.742,-0.128,1,0,0
0.1665,0.742,-0.123,1,0,0
0.1665,0.742,-0.118,1,0,0
0.1665,0.742,-0.113,1,0,0
0.0515,0.747,-0.158,1,0,0
0.0515,0.747,-0.153,1,0,0
0.0515,0.747,-0.148,1,0,0
0.0515,0.747,-0.143,1,0,0
0.0515,0.747,-0.138,1,0,0
0.0515,0.747,-0.133,1,0,0
0.0515,0.747,-0.128,1,0,0
0.0515,0.747,-0.123,1,0,0
0.0515,0.747,-0.118,1,0,0
0.0515,0.747,-0.113,1,0,0
0.0565,0.747,-0.158,1,0,0
0.0565,0.747,-0.153,1,0,0
0.0565,0.747,-0.148,1,0,0
0.0565,0.747,-0.143,1,0,0
0.0565,0.747,-0.138,1,0,0
0.0565,0.747,-0.133,1,0,0
0.0565,0.747,-0.128,1,0,0
0.0565,0.747,-0.123,1,0,0
0.0565,0.747,-0.118,1,0,0
0.0565,0.747,-0.113,1,0,0
0.0615,0.747,-0.158,1,0,0
0.0615,0.747,-0.153,1,0,0
0.0615,0.747,-0.148,1,0,0
0.0615,0.747,-0.143,1,0,0
0.0615,0.747,-0.138,1,0,0
0.0615,0.747,-0.133,1,0,0
0.0615,0.747,-0.128,1,0,0
0.0615,0.747,-0.123,1,0,0
0.0615,0.747,-0.118,1,0,0
0.0615,0.747,-0.113,1,0,0
0.0665,0.747,-0.158,1,0,0
0.0665,0.747,-0.153,1,0,0
0.0665,0.747,-0.148,1,0,0
0.0665,0.747,-0.143,1,0,0
0.0665,0.747,-0.138,1,0,0
0.0665,0.747,-0.133,1,0,0
0.0665,0.747,-0.128,1,0,0
0.0665,0.747,-0.123,1,0,0
0.0665,0.747,-0.118,1,0,0
0.0665,0.747,-0.113,1,0,0
0.0715,0.747,-0.158,1,0,0
0.0715,0.747,-0.153,1,0,0
0.0715,0.747,-0.148,1,0,0
0.0715,0.747,-0.143,1,0,0
0.0715,0.747,-0.138,1,0,0
0.0715,0.747,-0.133,1,0,0
0.0715,0.747,-0.128,1,0,0
0.0715,0.747,-0.123,1,0,0
0.0715,0.747,-0.118,1,0,0
0.0715,0.747,-0.113,1,0,0
0.0765,0.747,-0.158,1,0,0
0.0765,0.747,-0.153,1,0,0
0.0765,0.747,-0.148,1,0,0
0.0765,0.747,-0.143,1,0,0
0.0765,0.747,-0.138,1,0,0
0.0765,0.747,-0.133,1,0,0
0.0765,0.747,-0.128,1,0,0
0.0765,0.747,-0.123,1,0,0
0.0765,0.747,-0.118,1,0,0
0.0765,0.747,-0.113,1,0,0
0.0815,0.747,-0.158,1,0,0
0.0815,0.747,-0.153,1,0,0
0.0815,0.747,-0.148,1,0,0
0.0815,0.747,-0.143,1,0,0
0.0815,0.747,-0.138,1,0,0
0.0815,0.747,-0.133,1,0,0
0.0815,0.747,-0.128,1,0,0
0.0815,0.747,-0.123,1,0,0
0.0815,0.747,-0.118,1,0,0
0.0815,0.747,-0.113,1,0,0
0.0865,0.747,-0.158,1,0,0
0.0865,0.747,-0.153,1,0,0
0.0865,0.747,-0.148,1,0,0
0.0865,0.747,-0.143,1,0,0
0.0865,0.747,-0.138,1,0,0
0.0865,0.747,-0.133,1,0,0
0.0865,0.747,-0.128,1,0,0
0.0865,0.747,-0.123,1,0,0
0.0865,0.747,-0.118,1,0,0
0.0865,0.747,-0.113,1,0,0
0.0915,0.747,-0.158,1,0,0
0.0915,0.747,-0.153,1,0,0
0.0915,0.747,-0.148,1,0,0
0.0915,0.747,-0.143,1,0,0
0.0915,0.747,-0.138,1,0,0
0.0915,0.747,-0.133,1,0,0
0.0915,0.747,-0.128,1,0,0
0.0915,0.747,-0.123,1,0,0
0.0915,0.747,-0.118,1,0,0
0.0915,0.747,-0.113,1,0,0
0.0965,0.747,-0.158,1,0,0
0.0965,0.747,-0.153,1,0,0
0.0965,0.747,-0.148,1,0,0
0.0965,0.747,-0.143,1,0,0
0.0965,0.747,-0.138,1,0,0
0.0965,0.747,-0.133,1,0,0
0.0965,0.747,-0.128,1,0,0
0.0965,0.747,-0.123,1,0,0
0.0965,0.747,-0.118,1,0,0
0.0965,0.747,-0.113,1,0,0
0.1015,0.747,-0.158,1,0,0
0.1015,0.747,-0.153,1,0,0
0.1015,0.747,-0.148,1,0,0
0.1015,0.747,-0.143,1,0,0
0.1015,0.747,-0.138,1,0,0
0.1015,0.747,-0.133,1,0,0
0.1015,0.747,-0.128,1,0,0
0.1015,0.747,-0.123,1,0,0
0.1015,0.747,-0.118,1,0,0
0.1015,0.747,-0.113,1,0,0
0.1065,0.747,-0.158,1,0,0
0.1065,0.747,-0.153,1,0,0
0.1065,0.747,-0.148,1,0,0
0.1065,0.747,-0.143,1,0,0
0.1065,0.747,-0.138,1,0,0
0.1065,0.747,-0.133,1,0,0
0.1065,0.747,-0.128,1,0,0
0.1065,0.747,-0.123,1,0,0
0.1065,0.747,-0.118,1,0,0
0.1065,0.747,-0.113,1,0,0
0.1115,0.747,-0.158,1,0,0
0.1115,0.747,-0.153,1,0,0
0.1115,0.747,-0.148,1,0,0
0.1115,0.747,-0.143,1,0,0
0.1115,0.747,-0.138,1,0,0
0.1115,0.747,-0.133,1,0,0
0.1115,0.747,-0.128,1,0,0
0.1115,0.747,-0.123,1,0,0
0.1115,0.747,-0.118,1,0,0
0.1115,0.747,-0.113,1,0,0
0.1165,0.747,-0.158,1,0,0
0.1165,0.747,-0.153,1,0,0
0.1165,0.747,-0.148,1,0,0
0.1165,0.747,-0.143,1,0,0
0.1165,0.747,-0.138,1,0,0
0.1165,0.747,-0.133,1,0,0
0.1165,0.747,-0.128,1,0,0
0.1165,0.747,-0.123,1,0,0
0.1165,0.747,-0.118,1,0,0
0.1165,0.747,-0.113,1,0,0
0.1215,0.747,-0.158,1,0,0
0.1215,0.747,-0.153,1,0,0
0.1215,0.747,-0.148,1,0,0
0.1215,0.747,-0.143,1,0,0
0.1215,0.747,-0.138,1,0,0
0.1215,0.747,-0.133,1,0,0
0.1215,0.747,-0.128,1,0,0
0.1215,0.747,-0.123,1,0,0
0.1215,0.747,-0.118,1,0,0
0.1215,0.747,-0.113,1,0,0
0.1265,0.747,-0.158,1,0,0
0.1265,0.747,-0.153,1,0,0
0.1265,0.747,-0.148,1,0,0
0.1265,0.747,-0.143,1,0,0
0.1265,0.747,-0.138,1,0,0
0.1265,0.747,-0.133,1,0,0
0.1265,0.747,-0.128,1,0,0
0.1265,0.747,-0.123,1,0,0
0.1265,0.747,-0.118,1,0,0
0.1265,0.747,-0.113,1,0,0
0.1315,0.747,-0.158,1,0,0
0.1315,0.747,-0.153,1,0,0
0.1315,0.747,-0.148,1,0,0
0.1315,0.747,-0.143,1,0,0
0.1315,0.747,-0.138,1,0,0
0.1315,0.747,-0.133,1,0,0
0.1315,0.747,-0.128,1,0,0
0.1315,0.747,-0.123,1,0,0
0.1315,0.747,-0.118,1,0,0
0.1315,0.747,-0.113,1,0,0
0.1365,0.747,-0.158,1,0,0
0.1365,0.747,-0.153,1,0,0
0.1365,0.747,-0.148,1,0,0
0.1365,0.747,-0.143,1,0,0
0.1365,0.747,-0.138,1,0,0
0.1365,0.747,-0.133,1,0,0
0.1365,0.747,-0.128,1,0,0
0.1365,0.747,-0.123,1,0,0
0.1365,0.747,-0.118,1,0,0
0.1365,0.747,-0.113,1,0,0
0.1415,0.747,-0.158,1,0,0
0.1415,0.747,-0.153,1,0,0
0.1415,0.747,-0.148,1,0,0
0.1415,0.747,-0.143,1,0,0
0.1415,0.747,-0.138,1,0,0
0.1415,0.747,-0.133,1,0,0
0.1415,0.747,-0.128,1,0,0
0.1415,0.747,-0.123,1,0,0
0.1415,0.747,-0.118,1,0,0
0.1415,0.747,-0.113,1,0,0
0.1465,0.747,-0.158,1,0,0
0.1465,0.747,-0.153,1,0,0
0.1465,0.747,-0.148,1,0,0
0.1465,0.747,-0.143,1,0,0
0.1465,0.747,-0.138,1,0,0
0.1465,0.747,-0.133,1,0,0
0.1465,0.747,-0.128,1,0,0
0.1465,0.747,-0.123,1,0,0
0.1465,0.747,-0.118,1,0,0
0.1465,0.747,-0.113,1,0,0
0.1515,0.747,-0.158,1,0,0
0.1515,0.747,-0.153,1,0,0
0.1515,0.747,-0.148,1,0,0
0.1515,0.747,-0.143,1,0,0
0.1515,0.747,-0.138,1,0,0
0.1515,0.747,-0.133,1,0,0
0.1515,0.747,-0.128,1,0,0
0.1515,0.747,-0.123,1,0,0
0.1515,0.747,-0.118,1,0,0
0.1515,0.747,-0.113,1,0,0
0.1565,0.747,-0.158,1,0,0
0.1565,0.747,-0.153,1,0,0
0.1565,0.747,-0.148,1,0,0
0.1565,0.747,-0.143,1,0,0
0.1565,0.747,-0.138,1,0,0
0.1565,0.747,-0.133,1,0,0
0.1565,0.747,-0.128,1,0,0
0.1565,0.747,-0.123,1,0,0
0.1565,0.747,-0.118,1,0,0
0.1565,0.747,-0.113,1,0,0
0.1615,0.747,-0.158,1,0,0
0.1615,0.747,-0.153,1,0,0
0.1615,0.747,-0.148,1,0,0
0.1615,0.747,-0.143,1,0,0
0.1615,0.747,-0.138,1,0,0
0.1615,0.747,-0.133,1,0,0
0.1615,0.747,-0.128,1,0,0
0.1615,0.747,-0.123,1,0,0
0.1615,0.747,-0.118,1,0,0
0.1615,0.747,-0.113,1,0,0
0.1665,0.747,-0.158,1,0,0
0.1665,0.747,-0.153,1,0,0
0.1665,0.747,-0.148,1,0,0
0.1665,0.747,-0.143,1,0,0
0.1665,0.747,-0.138,1,0,0
0.1665,0.747,-0.133,1,0,0
0.1665,0.747,-0.128,1,0,0
0.1665,0.747,-0.123,1,0,0
0.1665,0.747,-0.118,1,0,0
0.1665,0.747,-0.113,1,0,0
0.0515,0.752,-0.158,1,0,0
0.0515,0.752,-0.153,1,0,0
0.0515,0.752,-0.148,1,0,0
0.0515,0.752,-0.143,1,0,0
0.0515,0.752,-0.138,1,0,0
0.0515,0.752,-0.133,1,0,0
0.0515,0.752,-0.128,1,0,0
0.0515,0.752,-0.123,1,0,0
0.0515,0.752,-0.118,1,0,0
0.0515,0.752,-0.113,1,0,0
0.0565,0.752,-0.158,1,0,0
0.0565,0.752,-0.153,1,0,0
0.0565,0.752,-0.148,1,0,0
0.0565,0.752,-0.143,1,0,0
0.0565,0.752,-0.138,1,0,0
0.0565,0.752,-0.133,1,0,0
0.0565,0.752,-0.128,1,0,0
0.0565,0.752,-0.123,1,0,0
0.0565,0.752,-0.118,1,0,0
0.0565,0.752,-0.113,1,0,0
0.0615,0.752,-0.158,1,0,0
0.0615,0.752,-0.153,1,0,0
0.0615,0.752,-0.148,1,0,0
0.0615,0.752,-0.143,1,0,0
0.0615,0.752,-0.138,1,0,0
0.0615,0.752,-0.133,1,0,0
0.0615,0.752,-0.128,1,0,0
0.0615,0.752,-0.123,1,0,0
0.0615,0.752,-0.118,1,0,0
0.0615,0.752,-0.113,1,0,0
0.0665,0.752,-0.158,1,0,0
0.0665,0.752,-0.153,1,0,0
0.0665,0.752,-0.148,1,0,0
0.0665,0.752,-0.143,1,0,0
0.0665,0.752,-0.138,1,0,0
0.0665,0.752,-0.133,1,0,0
0.0665,0.752,-0.128,1,0,0
0.0665,0.752,-0.123,1,0,0
0.0665,0.752,-0.118,1,0,0
0.0665,0.752,-0.113,1,0,0
0.0715,0.752,-0.158,1,0,0
0.0715,0.752,-0.153,1,0,0
0.0715,0.752,-0.148,1,0,0
0.0715,0.752,-0.143,1,0,0
0.0715,0.752,-0.138,1,0,0
0.0715,0.752,-0.133,1,0,0
0.0715,0.752,-0.128,1,0,0
0.0715,0.752,-0.123,1,0,0
0.0715,0.752,-0.118,1,0,0
0.0715,0.752,-0.113,1,0,0
0.0765,0.752,-0.158,1,0,0
0.0765,0.752,-0.153,1,0,0
0.0765,0.752,-0.148,1,0,0
0.0765,0.752,-0.143,1,0,0
0.0765,0.752,-0.138,1,0,0
0.0765,0.752,-0.133,1,0,0
0.0765,0.752,-0.128,1,0,0
0.0765,0.752,-0.123,1,0,0
0.0765,0.752,-0.118,1,0,0
0.0765,0.752,-0.113,1,0,0
0.0815,0.752,-0.158,1,0,0
0.0815,0.752,-0.153,1,0,0
0.0815,0.752,-0.148,1,0,0
0.0815,0.752,-0.143,1,0,0
0.0815,0.752,-0.138,1,0,0
0.0815,0.752,-0.133,1,0,0
0.0815,0.752,-0.128,1,0,0
0.0815,0.752,-0.123,1,0,0
0.0815,0.752,-0.118,1,0,0
0.0815,0.752,-0.113,1,0,0
0.0865,0.752,-0.158,1,0,0
0.0865,0.752,-0.153,1,0,0
0.0865,0.752,-0.148,1,0,0
0.0865,0.752,-0.143,1,0,0
0.0865,0.752,-0.138,1,0,0
0.0865,0.752,-0.133,1,0,0
0.0865,0.752,-0.128,1,0,0
0.0865,0.752,-0.123,1,0,0
0.0865,0.752,-0.118,1,0,0
0.0865,0.752,-0.113,1,0,0
0.0915,0.752,-0.158,1,0,0
0.0915,0.752,-0.153,1,0,0
0.0915,0.752,-0.148,1,0,0
0.0915,0.752,-0.143,1,0,0
0.0915,0.752,-0.138,1,0,0
0.0915,0.752,-0.133,1,0,0
0.0915,0.752,-0.128,1,0,0
0.0915,0.752,-0.123,1,0,0
0.0915,0.752,-0.118,1,0,0
0.0915,0.752,-0.113,1,0,0
0.0965,0.752,-0.158,1,0,0
0.0965,0.752,-0.153,1,0,0
0.0965,0.752,-0.148,1,0,0
0.0965,0.752,-0.143,1,0,0
0.0965,0.752,-0.138,1,0,0
0.0965,0.752,-0.133,1,0,0
0.0965,0.752,-0.128,1,0,0
0.0965,0.752,-0.123,1,0,0
0.0965,0.752,-0.118,1,0,0
0.0965,0.752,-0.113,1,0,0
0.1015,0.752,-0.158,1,0,0
0.1015,0.752,-0.153,1,0,0
0.1015,0.752,-0.148,1,0,0
0.1015,0.752,-0.143,1,0,0
0.1015,0.752,-0.138,1,0,0
0.1015,0.752,-0.133,1,0,0
0.1015,0.752,-0.128,1,0,0
0.1015,0.752,-0.123,1,0,0
0.1015,0.752,-0.118,1,0,0
0.1015,0.752,-0.113,1,0,0
0.1065,0.752,-0.158,1,0,0
0.1065,0.752,-0.153,1,0,0
0.1065,0.752,-0.148,1,0,0
0.1065,0.752,-0.143,1,0,0
0.1065,0.752,-0.138,1,0,0
0.1065,0.752,-0.133,1,0,0
0.1065,0.752,-0.128,1,0,0
0.1065,0.752,-0.123,1,0,0
0.1065,0.752,-0.118,1,0,0
0.1065,0.752,-0.113,1,0,0
0.1115,0.752,-0.158,1,0,0
0.1115,0.752,-0.153,1,0,0
0.1115,0.752,-0.148,1,0,0
0.1115,0.752,-0.143,1,0,0
0.1115,0.752,-0.138,1,0,0
0.1115,0.752,-0.133,1,0,0
0.1115,0.752,-0.128,1,0,0
0.1115,0.752,-0.123,1,0,0
0.1115,0.752,-0.118,1,0,0
0.1115,0.752,-0.113,1,0,0
0.1165,0.752,-0.158,1,0,0
0.1165,0.752,-0.153,1,0,0
0.1165,0.752,-0.148,1,0,0
0.1165,0.752,-0.143,1,0,0
0.1165,0.752,-0.138,1,0,0
0.1165,0.752,-0.133,1,0,0
0.1165,0.752,-0.128,1,0,0
0.1165,0.752,-0.123,1,0,0
0.1165,0.752,-0.118,1,0,0
0.1165,0.752,-0.113,1,0,0
0.1215,0.752,-0.158,1,0,0
0.1215,0.752,-0.153,1,0,0
0.1215,0.752,-0.148,1,0,0
0.1215,0.752,-0.143,1,0,0
0.1215,0.752,-0.138,1,0,0
0.1215,0.752,-0.133,1,0,0
0.1215,0.752,-0.128,1,0,0
0.1215,0.752,-0.123,1,0,0
0.1215,0.752,-0.118,1,0,0
0.1215,0.752,-0.113,1,0,0
0.1265,0.752,-0.158,1,0,0
0.1265,0.752,-0.153,1,0,0
0.1265,0.752,-0.148,1,0,0
0.1265,0.752,-0.143,1,0,0
0.1265,0.752,-0.138,1,0,0
0.1265,0.752,-0.133,1,0,0
0.1265,0.752,-0.128,1,0,0
0.1265,0.752,-0.123,1,0,0
0.1265,0.752,-0.118,1,0,0
0.1265,0.752,-0.113,1,0,0
0.1315,0.752,-0.158,1,0,0
0.1315,0.752,-0.153,1,0,0
0.1315,0.752,-0.148,1,0,0
0.1315,0.752,-0.143,1,0,0
0.1315,0.752,-0.138,1,0,0
0.1315,0.752,-0.133,1,0,0
0.1315,0.752,-0.128,1,0,0
0.1315,0.752,-0.123,1,0,0
0.1315,0.752,-0.118,1,0,0
0.1315,0.752,-0.113,1,0,0
0.1365,0.752,-0.158,1,0,0
0.1365,0.752,-0.153,1,0,0
0.1365,0.752,-0.148,1,0,0
0.1365,0.752,-0.143,1,0,0
0.1365,0.752,-0.138,1,0,0
0.1365,0.752,-0.133,1,0,0
0.1365,0.752,-0.128,1,0,0
0.1365,0.752,-0.123,1,0,0
0.1365,0.752,-0.118,1,0,0
0.1365,0.752,-0.113,1,0,0
0.1415,0.752,-0.158,1,0,0
0.1415,0.752,-0.153,1,0,0
0.1415,0.752,-0.148,1,0,0
0.1415,0.752,-0.143,1,0,0
0.1415,0.752,-0.138,1,0,0
0.1415,0.752,-0.133,1,0,0
0.1415,0.752,-0.128,1,0,0
0.1415,0.752,-0.123,1,0,0
0.1415,0.752,-0.118,1,0,0
0.1415,0.752,-0.113,1,0,0
0.1465,0.752,-0.158,1,0,0
0.1465,0.752,-0.153,1,0,0
0.1465,0.752,-0.148,1,0,0
0.1465,0.752,-0.143,1,0,0
0.1465,0.752,-0.138,1,0,0
0.1465,0.752,-0.133,1,0,0
0.1465,0.752,-0.128,1,0,0
0.1465,0.752,-0.123,1,0,0
0.1465,0.752,-0.118,1,0,0
0.1465,0.752,-0.113,1,0,0
0.1515,0.752,-0.158,1,0,0
0.1515,0.752,-0.153,1,0,0
0.1515,0.752,-0.148,1,0,0
0.1515,0.752,-0.143,1,0,0
0.1515,0.752,-0.138,1,0,0
0.1515,0.752,-0.133,1,0,0
0.1515,0.752,-0.128,1,0,0
0.1515,0.752,-0.123,1,0,0
0.1515,0.752,-0.118,1,0,0
0.1515,0.752,-0.113,1,0,0
0.1565,0.752,-0.158,1,0,0
0.1565,0.752,-0.153,1,0,0
0.1565,0.752,-0.148,1,0,0
0.1565,0.752,-0.143,1,0,0
0.1565,0.752,-0.138,1,0,0
0.1565,0.752,-0.133,1,0,0
0.1565,0.752,-0.128,1,0,0
0.1565,0.752,-0.123,1,0,0
0.1565,0.752,-0.118,1,0,0
0.1565,0.752,-0.113,1,0,0
0.1615,0.752,-0.158,1,0,0
0.1615,0.752,-0.153,1,0,0
0.1615,0.752,-0.148,1,0,0
0.1615,0.752,-0.143,1,0,0
0.1615,0.752,-0.138,1,0,0
0.1615,0.752,-0.133,1,0,0
0.1615,0.752,-0.128,1,0,0
0.1615,0.752,-0.123,1,0,0
0.1615,0.752,-0.118,1,0,0
0.1615,0.752,-0.113,1,0,0
0.1665,0.752,-0.158,1,0,0
0.1665,0.752,-0.153,1,0,0
0.1665,0.752,-0.148,1,0,0
0.1665,0.752,-0.143,1,0,0
0.1665,0.752,-0.138,1,0,0
0.1665,0.752,-0.133,1,0,0
0.1665,0.752,-0.128,1,0,0
0.1665,0.752,-0.123,1,0,0
0.1665,0.752,-0.118,1,0,0
0.1665,0.752,-0.113,1,0,0
0.0515,0.757,-0.158,1,0,0
0.0515,0.757,-0.153,1,0,0
0.0515,0.757,-0.148,1,0,0
0.0515,0.757,-0.143,1,0,0
0.0515,0.757,-0.138,1,0,0
0.0515,0.757,-0.133,1,0,0
0.0515,0.757,-0.128,1,0,0
0.0515,0.757,-0.123,1,0,0
0.0515,0.757,-0.118,1,0,0
0.0515,0.757,-0.113,1,0,0
0.0565,0.757,-0.158,1,0,0
0.0565,0.757,-0.153,1,0,0
0.0565,0.757,-0.148,1,0,0
0.0565,0.757,-0.143,1,0,0
0.0565,0.757,-0.138,1,0,0
0.0565,0.757,-0.133,1,0,0
0.0565,0.757,-0.128,1,0,0
0.0565,0.757,-0.123,1,0,0
0.0565,0.757,-0.118,1,0,0
0.0565,0.757,-0.113,1,0,0
0.0615,0.757,-0.158,1,0,0
0.0615,0.757,-0.153,1,0,0
0.0615,0.757,-0.148,1,0,0
0.0615,0.757,-0.143,1,0,0
0.0615,0.757,-0.138,1,0,0
0.0615,0.757,-0.133,1,0,0
0.0615,0.757,-0.128,1,0,0
0.0615,0.757,-0.123,1,0,0
0.0615,0.757,-0.118,1,0,0
0.0615,0.757,-0.113,1,0,0
0.0665,0.757,-0.158,1,0,0
0.0665,0.757,-0.153,1,0,0
0.0665,0.757,-0.148,1,0,0
0.0665,0.757,-0.143,1,0,0
0.0665,0.757,-0.138,1,0,0
0.0665,0.757,-0.133,1,0,0
0.0665,0.757,-0.128,1,0,0
0.0665,0.757,-0.123,1,0,0
0.0665,0.757,-0.118,1,0,0
0.0665,0.757,-0.113,1,0,0
0.0715,0.757,-0.158,1,0,0
0.0715,0.757,-0.153,1,0,0
0.0715,0.757,-0.148,1,0,0
0.0715,0.757,-0.143,1,0,0
0.0715,0.757,-0.138,1,0,0
0.0715,0.757,-0.133,1,0,0
0.0715,0.757,-0.128,1,0,0
0.0715,0.757,-0.123,1,0,0
0.0715,0.757,-0.118,1,0,0
0.0715,0.757,-0.113,1,0,0
0.0765,0.757,-0.158,1,0,0
0.0765,0.757,-0.153,1,0,0
0.0765,0.757,-0.148,1,0,0
0.0765,0.757,-0.143,1,0,0
0.0765,0.757,-0.138,1,0,0
0.0765,0.757,-0.133,1,0,0
0.0765,0.757,-0.128,1,0,0
0.0765,0.757,-0.123,1,0,0
0.0765,0.757,-0.118,1,0,0
0.0765,0.757,-0.113,1,0,0
0.0815,0.757,-0.158,1,0,0
0.0815,0.757,-0.153,1,0,0
0.0815,0.757,-0.148,1,0,0
0.0815,0.757,-0.143,1,0,0
0.0815,0.757,-0.138,1,0,0
0.0815,0.757,-0.133,1,0,0
0.0815,0.757,-0.128,1,0,0
0.0815,0.757,-0.123,1,0,0
0.0815,0.757,-0.118,1,0,0
0.0815,0.757,-0.113,1,0,0
0.0865,0.757,-0.158,1,0,0
0.0865,0.757,-0.153,1,0,0
0.0865,0.757,-0.148,1,0,0
0.0865,0.757,-0.143,1,0,0
0.0865,0.757,-0.138,1,0,0
0.0865,0.757,-0.133,1,0,0
0.0865,0.757,-0.128,1,0,0
0.0865,0.757,-0.123,1,0,0
0.0865,0.757,-0.118,1,0,0
0.0865,0.757,-0.113,1,0,0
0.0915,0.757,-0.158,1,0,0
0.0915,0.757,-0.153,1,0,0
0.0915,0.757,-0.148,1,0,0
0.0915,0.757,-0.143,1,0,0
0.0915,0.757,-0.138,1,0,0
0.0915,0.757,-0.133,1,0,0
0.0915,0.757,-0.128,1,0,0
0.0915,0.757,-0.123,1,0,0
0.0915,0.757,-0.118,1,0,0
0.0915,0.757,-0.113,1,0,0
0.0965,0.757,-0.158,1,0,0
0.0965,0.757,-0.153,1,0,0
0.0965,0.757,-0.148,1,0,0
0.0965,0.757,-0.143,1,0,0
0.0965,0.757,-0.138,1,0,0
0.0965,0.757,-0.133,1,0,0
0.0965,0.757,-0.128,1,0,0
0.0965,0.757,-0.123,1,0,0
0.0965,0.757,-0.118,1,0,0
0.0965,0.757,-0.113,1,0,0
0.1015,0.757,-0.158,1,0,0
0.1015,0.757,-0.153,1,0,0
0.1015,0.757,-0.148,1,0,0
0.1015,0.757,-0.143,1,0,0
0.1015,0.757,-0.138,1,0,0
0.1015,0.757,-0.133,1,0,0
0.1015,0.757,-0.128,1,0,0
0.1015,0.757,-0.123,1,0,0
0.1015,0.757,-0.118,1,0,0
0.1015,0.757,-0.113,1,0,0
0.1065,0.757,-0.158,1,0,0
0.1065,0.757,-0.153,1,0,0
0.1065,0.757,-0.148,1,0,0
0.1065,0.757,-0.143,1,0,0
0.1065,0.757,-0.138,1,0,0
0.1065,0.757,-0.133,1,0,0
0.1065,0.757,-0.128,1,0,0
0.1065,0.757,-0.123,1,0,0
0.1065,0.757,-0.118,1,0,0
0.1065,0.757,-0.113,1,0,0
0.1115,0.757,-0.158,1,0,0
0.1115,0.757,-0.153,1,0,0
0.1115,0.757,-0.148,1,0,0
0.1115,0.757,-0.143,1,0,0
0.1115,0.757,-0.138,1,0,0
0.1115,0.757,-0.133,1,0,0
0.1115,0.757,-0.128,1,0,0
0.1115,0.757,-0.123,1,0,0
0.1115,0.757,-0.118,1,0,0
0.1115,0.757,-0.113,1,0,0
0.1165,0.757,-0.158,1,0,0
0.1165,0.757,-0.153,1,0,0
0.1165,0.757,-0.148,1,0,0
0.1165,0.757,-0.143,1,0,0
0.1165,0.757,-0.138,1,0,0
0.1165,0.757,-0.133,1,0,0
0.1165,0.757,-0.128,1,0,0
0.1165,0.757,-0.123,1,0,0
0.1165,0.757,-0.118,1,0,0
0.1165,0.757,-0.113,1,0,0
0.1215,0.757,-0.158,1,0,0
0.1215,0.757,-0.153,1,0,0
0.1215,0.757,-0.148,1,0,0
0.1215,0.757,-0.143,1,0,0
0.1215,0.757,-0.138,1,0,0
0.1215,0.757,-0.133,1,0,0
0.1215,0.757,-0.128,1,0,0
0.1215,0.757,-0.123,1,0,0
0.1215,0.757,-0.118,1,0,0
0.1215,0.757,-0.113,1,0,0
0.1265,0.757,-0.158,1,0,0
0.1265,0.757,-0.153,1,0,0
0.1265,0.757,-0.148,1,0,0
0.1265,0.757,-0.143,1,0,0
0.1265,0.757,-0.138,1,0,0
0.1265,0.757,-0.133,1,0,0
0.1265,0.757,-0.128,1,0,0
0.1265,0.757,-0.123,1,0,0
0.1265,0.757,-0.118,1,0,0
0.1265,0.757,-0.113,1,0,0
0.1315,0.757,-0.158,1,0,0
0.1315,0.757,-0.153,1,0,0
0.1315,0.757,-0.148,1,0,0
0.1315,0.757,-0.143,1,0,0
0.1315,0.757,-0.138,1,0,0
0.1315,0.757,-0.133,1,0,0
0.1315,0.757,-0.128,1,0,0
0.1315,0.757,-0.123,1,0,0
0.1315,0.757,-0.118,1,0,0
0.1315,0.757,-0.113,1,0,0
0.1365,0.757,-0.158,1,0,0
0.1365,0.757,-0.153,1,0,0
0.1365,0.757,-0.148,1,0,0
0.1365,0.757,-0.143,1,0,0
0.1365,0.757,-0.138,1,0,0
0.1365,0.757,-0.133,1,0,0
0.1365,0.757,-0.128,1,0,0
0.1365,0.757,-0.123,1,0,0
0.1365,0.757,-0.118,1,0,0
0.1365,0.757,-0.113,1,0,0
0.1415,0.757,-0.158,1,0,0
0.1415,0.757,-0.153,1,0,0
0.1415,0.757,-0.148,1,0,0
0.1415,0.757,-0.143,1,0,0
0.1415,0.757,-0.138,1,0,0
0.1415,0.757,-0.133,1,0,0
0.1415,0.757,-0.128,1,0,0
0.1415,0.757,-0.123,1,0,0
0.1415,0.757,-0.118,1,0,0
0.1415,0.757,-0.113,1,0,0
0.1465,0.757,-0.158,1,0,0
0.1465,0.757,-0.153,1,0,0
0.1465,0.757,-0.148,1,0,0
0.1465,0.757,-0.143,1,0,0
0.1465,0.757,-0.138,1,0,0
0.1465,0.757,-0.133,1,0,0
0.1465,0.757,-0.128,1,0,0
0.1465,0.757,-0.123,1,0,0
0.1465,0.757,-0.118,1,0,0
0.1465,0.757,-0.113,1,0,0
0.1515,0.757,-0.158,1,0,0
0.1515,0.757,-0.153,1,0,0
0.1515,0.757,-0.148,1,0,0
0.1515,0.757,-0.143,1,0,0
0.1515,0.757,-0.138,1,0,0
0.1515,0.757,-0.133,1,0,0
0.1515,0.757,-0.128,1,0,0
0.1515,0.757,-0.123,1,0,0
0.1515,0.757,-0.118,1,0,0
0.1515,0.757,-0.113,1,0,0
0.1565,0.757,-0.158,1,0,0
0.1565,0.757,-0.153,1,0,0
0.1565,0.757,-0.148,1,0,0
0.1565,0.757,-0.143,1,0,0
0.1565,0.757,-0.138,1,0,0
0.1565,0.757,-0.133,1,0,0
0.1565,0.757,-0.128,1,0,0
0.1565,0.757,-0.123,1,0,0
0.1565,0.757,-0.118,1,0,0
0.1565,0.757,-0.113,1,0,0
0.1615,0.757,-0.158,1,0,0
0.1615,0.757,-0.153,1,0,0
0.1615,0.757,-0.148,1,0,0
0.1615,0.757,-0.143,1,0,0
0.1615,0.757,-0.138,1,0,0
0.1615,0.757,-0.133,1,0,0
0.1615,0.757,-0.128,1,0,0
0.1615,0.757,-0.123,1,0,0
0.1615,0.757,-0.118,1,0,0
0.1615,0.757,-0.113,1,0,0
0.1665,0.757,-0.158,1,0,0
0.1665,0.757,-0.153,1,0,0
0.1665,0.757,-0.148,1,0,0
0.1665,0.757,-0.143,1,0,0
0.1665,0.757,-0.138,1,0,0
0.1665,0.757,-0.133,1,0,0
0.1665,0.757,-0.128,1,0,0
0.1665,0.757,-0.123,1,0,0
0.1665,0.757,-0.118,1,0,0
0.1665,0.757,-0.113,1,0,0
0.0515,0.762,-0.158,1,0,0
0.0515,0.762,-0.153,1,0,0
0.0515,0.762,-0.148,1,0,0
0.0515,0.762,-0.143,1,0,0
0.0515,0.762,-0.138,1,0,0
0.0515,0.762,-0.133,1,0,0
0.0515,0.762,-0.128,1,0,0
0.0515,0.762,-0.123,1,0,0
0.0515,0.762,-0.118,1,0,0
0.0515,0.762,-0.113,1,0,0
0.0565,0.762,-0.158,1,0,0
0.0565,0.762,-0.153,1,0,0
0.0565,0.762,-0.148,1,0,0
0.0565,0.762,-0.143,1,0,0
0.0565,0.762,-0.138,1,0,0
0.0565,0.762,-0.133,1,0,0
0.0565,0.762,-0.128,1,0,0
0.0565,0.762,-0.123,1,0,0
0.0565,0.762,-0.118,1,0,0
0.0565,0.762,-0.113,1,0,0
0.0615,0.762,-0.158,1,0,0
0.0615,0.762,-0.153,1,0,0
0.0615,0.762,-0.148,1,0,0
0.0615,0.762,-0.143,1,0,0
0.0615,0.762,-0.138,1,0,0
0.0615,0.762,-0.133,1,0,0
0.0615,0.762,-0.128,1,0,0
0.0615,0.762,-0.123,1,0,0
0.0615,0.762,-0.118,1,0,0
0.0615,0.762,-0.113,1,0,0
0.0665,0.762,-0.158,1,0,0
0.0665,0.762,-0.153,1,0,0
0.0665,0.762,-0.148,1,0,0
0.0665,0.762,-0.143,1,0,0
0.0665,0.762,-0.138,1,0,0
0.0665,0.762,-0.133,1,0,0
0.0665,0.762,-0.128,1,0,0
0.0665,0.762,-0.123,1,0,0
0.0665,0.762,-0.118,1,0,0
0.0665,0.762,-0.113,1,0,0
0.0715,0.762,-0.158,1,0,0
0.0715,0.762,-0.153,1,0,0
0.0715,0.762,-0.148,1,0,0
0.0715,0.762,-0.143,1,0,0
0.0715,0.762,-0.138,1,0,0
0.0715,0.762,-0.133,1,0,0
0.0715,0.762,-0.128,1,0,0
0.0715,0.762,-0.123,1,0,0
0.0715,0.762,-0.118,1,0,0
0.0715,0.762,-0.113,1,0,0
0.0765,0.762,-0.158,1,0,0
0.0765,0.762,-0.153,1,0,0
0.0765,0.762,-0.148,1,0,0
0.0765,0.762,-0.143,1,0,0
0.0765,0.762,-0.138,1,0,0
0.0765,0.762,-0.133,1,0,0
0.0765,0.762,-0.128,1,0,0
0.0765,0.762,-0.123,1,0,0
0.0765,0.762,-0.118,1,0,0
0.0765,0.762,-0.113,1,0,0
0.0815,0.762,-0.158,1,0,0
0.0815,0.762,-0.153,1,0,0
0.0815,0.762,-0.148,1,0,0
0.0815,0.762,-0.143,1,0,0
0.0815,0.762,-0.138,1,0,0
0.0815,0.762,-0.133,1,0,0
0.0815,0.762,-0.128,1,0,0
0.0815,0.762,-0.123,1,0,0
0.0815,0.762,-0.118,1,0,0
0.0815,0.762,-0.113,1,0,0
0.0865,0.762,-0.158,1,0,0
0.0865,0.762,-0.153,1,0,0
0.0865,0.762,-0.148,1,0,0
0.0865,0.762,-0.143,1,0,0
0.0865,0.762,-0.138,1,0,0
0.0865,0.762,-0.133,1,0,0
0.0865,0.762,-0.128,1,0,0
0.0865,0.762,-0.123,1,0,0
0.0865,0.762,-0.118,1,0,0
0.0865,0.762,-0.113,1,0,0
0.0915,0.762,-0.158,1,0,0
0.0915,0.762,-0.153,1,0,0
0.0915,0.762,-0.148,1,0,0
0.0915,0.762,-0.143,1,0,0
0.0915,0.762,-0.138,1,0,0
0.0915,0.762,-0.133,1,0,0
0.0915,0.762,-0.128,1,0,0
0.0915,0.762,-0.123,1,0,0
0.0915,0.762,-0.118,1,0,0
0.0915,0.762,-0.113,1,0,0
0.0965,0.762,-0.158,1,0,0
0.0965,0.762,-0.153,1,0,0
0.0965,0.762,-0.148,1,0,0
0.0965,0.762,-0.143,1,0,0
0.0965,0.762,-0.138,1,0,0
0.0965,0.762,-0.133,1,0,0
0.0965,0.762,-0.128,1,0,0
0.0965,0.762,-0.123,1,0,0
0.0965,0.762,-0.118,1,0,0
0.0965,0.762,-0.113,1,0,0
0.1015,0.762,-0.158,1,0,0
0.1015,0.762,-0.153,1,0,0
0.1015,0.762,-0.148,1,0,0
0.1015,0.762,-0.143,1,0,0
0.1015,0.762,-0.138,1,0,0
0.1015,0.762,-0.133,1,0,0
0.1015,0.762,-0.128,1,0,0
0.1015,0.762,-0.123,1,0,0
0.1015,0.762,-0.118,1,0,0
0.1015,0.762,-0.113,1,0,0
0.1065,0.762,-0.158,1,0,0
0.1065,0.762,-0.153,1,0,0
0.1065,0.762,-0.148,1,0,0
0.1065,0.762,-0.143,1,0,0
0.1065,0.762,-0.138,1,0,0
0.1065,0.762,-0.133,1,0,0
0.1065,0.762,-0.128,1,0,0
0.1065,0.762,-0.123,1,0,0
0.1065,0.762,-0.118,1,0,0
0.1065,0.762,-0.113,1,0,0
0.1115,0.762,-0.158,1,0,0
0.1115,0.762,-0.153,1,0,0
0.1115,0.762,-0.148,1,0,0
0.1115,0.762,-0.143,1,0,0
0.1115,0.762,-0.138,1,0,0
0.1115,0.762,-0.133,1,0,0
0.1115,0.762,-0.128,1,0,0
0.1115,0.762,-0.123,1,0,0
0.1115,0.762,-0.118,1,0,0
0.1115,0.762,-0.113,1,0,0
0.1165,0.762,-0.158,1,0,0
0.1165,0.762,-0.153,1,0,0
0.1165,0.762,-0.148,1,0,0
0.1165,0.762,-0.143,1,0,0
0.1165,0.762,-0.138,1,0,0
0.1165,0.762,-0.133,1,0,0
0.1165,0.762,-0.128,1,0,0
0.1165,0.762,-0.123,1,0,0
0.1165,0.762,-0.118,1,0,0
0.1165,0.762,-0.113,1,0,0
0.1215,0.762,-0.158,1,0,0
0.1215,0.762,-0.153,1,0,0
0.1215,0.762,-0.148,1,0,0
0.1215,0.762,-0.143,1,0,0
0.1215,0.762,-0.138,1,0,0
0.1215,0.762,-0.133,1,0,0
0.1215,0.762,-0.128,1,0,0
0.1215,0.762,-0.123,1,0,0
0.1215,0.762,-0.118,1,0,0
0.1215,0.762,-0.113,1,0,0
0.1265,0.762,-0.158,1,0,0
0.1265,0.762,-0.153,1,0,0
0.1265,0.762,-0.148,1,0,0
0.1265,0.762,-0.143,1,0,0
0.1265,0.762,-0.138,1,0,0
0.1265,0.762,-0.133,1,0,0
0.1265,0.762,-0.128,1,0,0
0.1265,0.762,-0.123,1,0,0
0.1265,0.762,-0.118,1,0,0
0.1265,0.762,-0.113,1,0,0
0.1315,0.762,-0.158,1,0,0
0.1315,0.762,-0.153,1,0,0
0.1315,0.762,-0.148,1,0,0
0.1315,0.762,-0.143,1,0,0
0.1315,0.762,-0.138,1,0,0
0.1315,0.762,-0.133,1,0,0
0.1315,0.762,-0.128,1,0,0
0.1315,0.762,-0.123,1,0,0
0.1315,0.762,-0.118,1,0,0
0.1315,0.762,-0.113,1,0,0
0.1365,0.762,-0.158,1,0,0
0.1365,0.762,-0.153,1,0,0
0.1365,0.762,-0.148,1,0,0
0.1365,0.762,-0.143,1,0,0
0.1365,0.762,-0.138,1,0,0
0.1365,0.762,-0.133,1,0,0
0.1365,0.762,-0.128,1,0,0
0.1365,0.762,-0.123,1,0,0
0.1365,0.762,-0.118,1,0,0
0.1365,0.762,-0.113,1,0,0
0.1415,0.762,-0.158,1,0,0
0.1415,0.762,-0.153,1,0,0
0.1415,0.762,-0.148,1,0,0
0.1415,0.762,-0.143,1,0,0
0.1415,0.762,-0.138,1,0,0
0.1415,0.762,-0.133,1,0,0
0.1415,0.762,-0.128,1,0,0
0.1415,0.762,-0.123,1,0,0
0.1415,0.762,-0.118,1,0,0
0.1415,0.762,-0.113,1,0,0
0.1465,0.762,-0.158,1,0,0
0.1465,0.762,-0.153,1,0,0
0.1465,0.762,-0.148,1,0,0
0.1465,0.762,-0.143,1,0,0
0.1465,0.762,-0.138,1,0,0
0.1465,0.762,-0.133,1,0,0
0.1465,0.762,-0.128,1,0,0
0.1465,0.762,-0.123,1,0,0
0.1465,0.762,-0.118,1,0,0
0.1465,0.762,-0.113,1,0,0
0.1515,0.762,-0.158,1,0,0
0.1515,0.762,-0.153,1,0,0
0.1515,0.762,-0.148,1,0,0
0.1515,0.762,-0.143,1,0,0
0.1515,0.762,-0.138,1,0,0
0.1515,0.762,-0.133,1,0,0
0.1515,0.762,-0.128,1,0,0
0.1515,0.762,-0.123,1,0,0
0.1515,0.762,-0.118,1,0,0
0.1515,0.762,-0.113,1,0,0
0.1565,0.762,-0.158,1,0,0
0.1565,0.762,-0.153,1,0,0
0.1565,0.762,-0.148,1,0,0
0.1565,0.762,-0.143,1,0,0
0.1565,0.762,-0.138,1,0,0
0.1565,0.762,-0.133,1,0,0
0.1565,0.762,-0.128,1,0,0
0.1565,0.762,-0.123,1,0,0
0.1565,0.762,-0.118,1,0,0
0.1565,0.762,-0.113,1,0,0
0.1615,0.762,-0.158,1,0,0
0.1615,0.762,-0.153,1,0,0
0.1615,0.762,-0.148,1,0,0
0.1615,0.762,-0.143,1,0,0
0.1615,0.762,-0.138,1,0,0
0.1615,0.762,-0.133,1,0,0
0.1615,0.762,-0.128,1,0,0
0.1615,0.762,-0.123,1,0,0
0.1615,0.762,-0.118,1,0,0
0.1615,0.762,-0.113,1,0,0
0.1665,0.762,-0.158,1,0,0
0.1665,0.762,-0.153,1,0,0
0.1665,0.762,-0.148,1,0,0
0.1665,0.762,-0.143,1,0,0
0.1665,0.762,-0.138,1,0,0
0.1665,0.762,-0.133,1,0,0
0.1665,0.762,-0.128,1,0,0
0.1665,0.762,-0.123,1,0,0
0.1665,0.762,-0.118,1,0,0
0.1665,0.762,-0.113,1,0,0
0.0515,0.767,-0.158,1,0,0
0.0515,0.767,-0.153,1,0,0
0.0515,0.767,-0.148,1,0,0
0.0515,0.767,-0.143,1,0,0
0.0515,0.767,-0.138,1,0,0
0.0515,0.767,-0.133,1,0,0
0.0515,0.767,-0.128,1,0,0
0.0515,0.767,-0.123,1,0,0
0.0515,0.767,-0.118,1,0,0
0.0515,0.767,-0.113,1,0,0
0.0565,0.767,-0.158,1,0,0
0.0565,0.767,-0.153,1,0,0
0.0565,0.767,-0.148,1,0,0
0.0565,0.767,-0.143,1,0,0
0.0565,0.767,-0.138,1,0,0
0.0565,0.767,-0.133,1,0,0
0.0565,0.767,-0.128,1,0,0
0.0565,0.767,-0.123,1,0,0
0.0565,0.767,-0.118,1,0,0
0.0565,0.767,-0.113,1,0,0
0.0615,0.767,-0.158,1,0,0
0.0615,0.767,-0.153,1,0,0
0.0615,0.767,-0.148,1,0,0
0.0615,0.767,-0.143,1,0,0
0.0615,0.767,-0.138,1,0,0
0.0615,0.767,-0.133,1,0,0
0.0615,0.767,-0.128,1,0,0
0.0615,0.767,-0.123,1,0,0
0.0615,0.767,-0.118,1,0,0
0.0615,0.767,-0.113,1,0,0
0.0665,0.767,-0.158,1,0,0
0.0665,0.767,-0.153,1,0,0
0.0665,0.767,-0.148,1,0,0
0.0665,0.767,-0.143,1,0,0
0.0665,0.767,-0.138,1,0,0
0.0665,0.767,-0.133,1,0,0
0.0665,0.767,-0.128,1,0,0
0.0665,0.767,-0.123,1,0,0
0.0665,0.767,-0.118,1,0,0
0.0665,0.767,-0.113,1,0,0
0.0715,0.767,-0.158,1,0,0
0.0715,0.767,-0.153,1,0,0
0.0715,0.767,-0.148,1,0,0
0.0715,0.767,-0.143,1,0,0
0.0715,0.767,-0.138,1,0,0
0.0715,0.767,-0.133,1,0,0
0.0715,0.767,-0.128,1,0,0
0.0715,0.767,-0.123,1,0,0
0.0715,0.767,-0.118,1,0,0
0.0715,0.767,-0.113,1,0,0
0.0765,0.767,-0.158,1,0,0
0.0765,0.767,-0.153,1,0,0
0.0765,0.767,-0.148,1,0,0
0.0765,0.767,-0.143,1,0,0
0.0765,0.767,-0.138,1,0,0
0.0765,0.767,-0.133,1,0,0
0.0765,0.767,-0.128,1,0,0
0.0765,0.767,-0.123,1,0,0
0.0765,0.767,-0.118,1,0,0
0.0765,0.767,-0.113,1,0,0
0.0815,0.767,-0.158,1,0,0
0.0815,0.767,-0.153,1,0,0
0.0815,0.767,-0.148,1,0,0
0.0815,0.767,-0.143,1,0,0
0.0815,0.767,-0.138,1,0,0
0.0815,0.767,-0.133,1,0,0
0.0815,0.767,-0.128,1,0,0
0.0815,0.767,-0.123,1,0,0
0.0815,0.767,-0.118,1,0,0
0.0815,0.767,-0.113,1,0,0
0.0865,0.767,-0.158,1,0,0
0.0865,0.767,-0.153,1,0,0
0.0865,0.767,-0.148,1,0,0
0.0865,0.767,-0.143,1,0,0
0.0865,0.767,-0.138,1,0,0
0.0865,0.767,-0.133,1,0,0
0.0865,0.767,-0.128,1,0,0
0.0865,0.767,-0.123,1,0,0
0.0865,0.767,-0.118,1,0,0
0.0865,0.767,-0.113,1,0,0
0.0915,0.767,-0.158,1,0,0
0.0915,0.767,-0.153,1,0,0
0.0915,0.767,-0.148,1,0,0
0.0915,0.767,-0.143,1,0,0
0.0915,0.767,-0.138,1,0,0
0.0915,0.767,-0.133,1,0,0
0.0915,0.767,-0.128,1,0,0
0.0915,0.767,-0.123,1,0,0
0.0915,0.767,-0.118,1,0,0
0.0915,0.767,-0.113,1,0,0
0.0965,0.767,-0.158,1,0,0
0.0965,0.767,-0.153,1,0,0
0.0965,0.767,-0.148,1,0,0
0.0965,0.767,-0.143,1,0,0
0.0965,0.767,-0.138,1,0,0
0.0965,0.767,-0.133,1,0,0
0.0965,0.767,-0.128,1,0,0
0.0965,0.767,-0.123,1,0,0
0.0965,0.767,-0.118,1,0,0
0.0965,0.767,-0.113,1,0,0
0.1015,0.767,-0.158,1,0,0
0.1015,0.767,-0.153,1,0,0
0.1015,0.767,-0.148,1,0,0
0.1015,0.767,-0.143,1,0,0
0.1015,0.767,-0.138,1,0,0
0.1015,0.767,-0.133,1,0,0
0.1015,0.767,-0.128,1,0,0
0.1015,0.767,-0.123,1,0,0
0.1015,0.767,-0.118,1,0,0
0.1015,0.767,-0.113,1,0,0
0.1065,0.767,-0.158,1,0,0
0.1065,0.767,-0.153,1,0,0
0.1065,0.767,-0.148,1,0,0
0.1065,0.767,-0.143,1,0,0
0.1065,0.767,-0.138,1,0,0
0.1065,0.767,-0.133,1,0,0
0.1065,0.767,-0.128,1,0,0
0.1065,0.767,-0.123,1,0,0
0.1065,0.767,-0.118,1,0,0
0.1065,0.767,-0.113,1,0,0
0.1115,0.767,-0.158,1,0,0
0.1115,0.767,-0.153,1,0,0
0.1115,0.767,-0.148,1,0,0
0.1115,0.767,-0.143,1,0,0
0.1115,0.767,-0.138,1,0,0
0.1115,0.767,-0.133,1,0,0
0.1115,0.767,-0.128,1,0,0
0.1115,0.767,-0.123,1,0,0
0.1115,0.767,-0.118,1,0,0
0.1115,0.767,-0.113,1,0,0
0.1165,0.767,-0.158,1,0,0
0.1165,0.767,-0.153,1,0,0
0.1165,0.767,-0.148,1,0,0
0.1165,0.767,-0.143,1,0,0
0.1165,0.767,-0.138,1,0,0
0.1165,0.767,-0.133,1,0,0
0.1165,0.767,-0.128,1,0,0
0.1165,0.767,-0.123,1,0,0
0.1165,0.767,-0.118,1,0,0
0.1165,0.767,-0.113,1,0,0
0.1215,0.767,-0.158,1,0,0
0.1215,0.767,-0.153,1,0,0
0.1215,0.767,-0.148,1,0,0
0.1215,0.767,-0.143,1,0,0
0.1215,0.767,-0.138,1,0,0
0.1215,0.767,-0.133,1,0,0
0.1215,0.767,-0.128,1,0,0
0.1215,0.767,-0.123,1,0,0
0.1215,0.767,-0.118,1,0,0
0.1215,0.767,-0.113,1,0,0
0.1265,0.767,-0.158,1,0,0
0.1265,0.767,-0.153,1,0,0
0.1265,0.767,-0.148,1,0,0
0.1265,0.767,-0.143,1,0,0
0.1265,0.767,-0.138,1,0,0
0.1265,0.767,-0.133,1,0,0
0.1265,0.767,-0.128,1,0,0
0.1265,0.767,-0.123,1,0,0
0.1265,0.767,-0.118,1,0,0
0.1265,0.767,-0.113,1,0,0
0.1315,0.767,-0.158,1,0,0
0.1315,0.767,-0.153,1,0,0
0.1315,0.767,-0.148,1,0,0
0.1315,0.767,-0.143,1,0,0
0.1315,0.767,-0.138,1,0,0
0.1315,0.767,-0.133,1,0,0
0.1315,0.767,-0.128,1,0,0
0.1315,0.767,-0.123,1,0,0
0.1315,0.767,-0.118,1,0,0
0.1315,0.767,-0.113,1,0,0
0.1365,0.767,-0.158,1,0,0
0.1365,0.767,-0.153,1,0,0
0.1365,0.767,-0.148,1,0,0
0.1365,0.767,-0.143,1,0,0
0.1365,0.767,-0.138,1,0,0
0.1365,0.767,-0.133,1,0,0
0.1365,0.767,-0.128,1,0,0
0.1365,0.767,-0.123,1,0,0
0.1365,0.767,-0.118,1,0,0
0.1365,0.767,-0.113,1,0,0
0.1415,0.767,-0.158,1,0,0
0.1415,0.767,-0.153,1,0,0
0.1415,0.767,-0.148,1,0,0
0.1415,0.767,-0.143,1,0,0
0.1415,0.767,-0.138,1,0,0
0.1415,0.767,-0.133,1,0,0
0.1415,0.767,-0.128,1,0,0
0.1415,0.767,-0.123,1,0,0
0.1415,0.767,-0.118,1,0,0
0.1415,0.767,-0.113,1,0,0
0.1465,0.767,-0.158,1,0,0
0.1465,0.767,-0.153,1,0,0
0.1465,0.767,-0.148,1,0,0
0.1465,0.767,-0.143,1,0,0
0.1465,0.767,-0.138,1,0,0
0.1465,0.767,-0.133,1,0,0
0.1465,0.767,-0.128,1,0,0
0.1465,0.767,-0.123,1,0,0
0.1465,0.767,-0.118,1,0,0
0.1465,0.767,-0.113,1,0,0
0.1515,0.767,-0.158,1,0,0
0.1515,0.767,-0.153,1,0,0
0.1515,0.767,-0.148,1,0,0
0.1515,0.767,-0.143,1,0,0
0.1515,0.767,-0.138,1,0,0
0.1515,0.767,-0.133,1,0,0
0.1515,0.767,-0.128,1,0,0
0.1515,0.767,-0.123,1,0,0
0.1515,0.767,-0.118,1,0,0
0.1515,0.767,-0.113,1,0,0
0.1565,0.767,-0.158,1,0,0
0.1565,0.767,-0.153,1,0,0
0.1565,0.767,-0.148,1,0,0
0.1565,0.767,-0.143,1,0,0
0.1565,0.767,-0.138,1,0,0
0.1565,0.767,-0.133,1,0,0
0.1565,0.767,-0.128,1,0,0
0.1565,0.767,-0.123,1,0,0
0.1565,0.767,-0.118,1,0,0
0.1565,0.767,-0.113,1,0,0
0.1615,0.767,-0.158,1,0,0
0.1615,0.767,-0.153,1,0,0
0.1615,0.767,-0.148,1,0,0
0.1615,0.767,-0.143,1,0,0
0.1615,0.767,-0.138,1,0,0
0.1615,0.767,-0.133,1,0,0
0.1615,0.767,-0.128,1,0,0
0.1615,0.767,-0.123,1,0,0
0.1615,0.767,-0.118,1,0,0
0.1615,0.767,-0.113,1,0,0
0.1665,0.767,-0.158,1,0,0
0.1665,0.767,-0.153,1,0,0
0.1665,0.767,-0.148,1,0,0
0.1665,0.767,-0.143,1,0,0
0.1665,0.767,-0.138,1,0,0
0.1665,0.767,-0.133,1,0,0
0.1665,0.767,-0.128,1,0,0
0.1665,0.767,-0.123,1,0,0
0.1665,0.767,-0.118,1,0,0
0.1665,0.767,-0.113,1,0,0
0.0515,0.772,-0.158,1,0,0
0.0515,0.772,-0.153,1,0,0
0.0515,0.772,-0.148,1,0,0
0.0515,0.772,-0.143,1,0,0
0.0515,0.772,-0.138,1,0,0
0.0515,0.772,-0.133,1,0,0
0.0515,0.772,-0.128,1,0,0
0.0515,0.772,-0.123,1,0,0
0.0515,0.772,-0.118,1,0,0
0.0515,0.772,-0.113,1,0,0
0.0565,0.772,-0.158,1,0,0
0.0565,0.772,-0.153,1,0,0
0.0565,0.772,-0.148,1,0,0
0.0565,0.772,-0.143,1,0,0
0.0565,0.772,-0.138,1,0,0
0.0565,0.772,-0.133,1,0,0
0.0565,0.772,-0.128,1,0,0
0.0565,0.772,-0.123,1,0,0
0.0565,0.772,-0.118,1,0,0
0.0565,0.772,-0.113,1,0,0
0.0615,0.772,-0.158,1,0,0
0.0615,0.772,-0.153,1,0,0
0.0615,0.772,-0.148,1,0,0
0.0615,0.772,-0.143,1,0,0
0.0615,0.772,-0.138,1,0,0
0.0615,0.772,-0.133,1,0,0
0.0615,0.772,-0.128,1,0,0
0.0615,0.772,-0.123,1,0,0
0.0615,0.772,-0.118,1,0,0
0.0615,0.772,-0.113,1,0,0
0.0665,0.772,-0.158,1,0,0
0.0665,0.772,-0.153,1,0,0
0.0665,0.772,-0.148,1,0,0
0.0665,0.772,-0.143,1,0,0
0.0665,0.772,-0.138,1,0,0
0.0665,0.772,-0.133,1,0,0
0.0665,0.772,-0.128,1,0,0
0.0665,0.772,-0.123,1,0,0
0.0665,0.772,-0.118,1,0,0
0.0665,0.772,-0.113,1,0,0
0.0715,0.772,-0.158,1,0,0
0.0715,0.772,-0.153,1,0,0
0.0715,0.772,-0.148,1,0,0
0.0715,0.772,-0.143,1,0,0
0.0715,0.772,-0.138,1,0,0
0.0715,0.772,-0.133,1,0,0
0.0715,0.772,-0.128,1,0,0
0.0715,0.772,-0.123,1,0,0
0.0715,0.772,-0.118,1,0,0
0.0715,0.772,-0.113,1,0,0
0.0765,0.772,-0.158,1,0,0
0.0765,0.772,-0.153,1,0,0
0.0765,0.772,-0.148,1,0,0
0.0765,0.772,-0.143,1,0,0
0.0765,0.772,-0.138,1,0,0
0.0765,0.772,-0.133,1,0,0
0.0765,0.772,-0.128,1,0,0
0.0765,0.772,-0.123,1,0,0
0.0765,0.772,-0.118,1,0,0
0.0765,0.772,-0.113,1,0,0
0.0815,0.772,-0.158,1,0,0
0.0815,0.772,-0.153,1,0,0
0.0815,0.772,-0.148,1,0,0
0.0815,0.772,-0.143,1,0,0
0.0815,0.772,-0.138,1,0,0
0.0815,0.772,-0.133,1,0,0
0.0815,0.772,-0.128,1,0,0
0.0815,0.772,-0.123,1,0,0
0.0815,0.772,-0.118,1,0,0
0.0815,0.772,-0.113,1,0,0
0.0865,0.772,-0.158,1,0,0
0.0865,0.772,-0.153,1,0,0
0.0865,0.772,-0.148,1,0,0
0.0865,0.772,-0.143,1,0,0
0.0865,0.772,-0.138,1,0,0
0.0865,0.772,-0.133,1,0,0
0.0865,0.772,-0.128,1,0,0
0.0865,0.772,-0.123,1,0,0
0.0865,0.772,-0.118,1,0,0
0.0865,0.772,-0.113,1,0,0
0.0915,0.772,-0.158,1,0,0
0.0915,0.772,-0.153,1,0,0
0.0915,0.772,-0.148,1,0,0
0.0915,0.772,-0.143,1,0,0
0.0915,0.772,-0.138,1,0,0
0.0915,0.772,-0.133,1,0,0
0.0915,0.772,-0.128,1,0,0
0.0915,0.772,-0.123,1,0,0
0.0915,0.772,-0.118,1,0,0
0.0915,0.772,-0.113,1,0,0
0.0965,0.772,-0.158,1,0,0
0.0965,0.772,-0.153,1,0,0
0.0965,0.772,-0.148,1,0,0
0.0965,0.772,-0.143,1,0,0
0.0965,0.772,-0.138,1,0,0
0.0965,0.772,-0.133,1,0,0
0.0965,0.772,-0.128,1,0,0
0.0965,0.772,-0.123,1,0,0
0.0965,0.772,-0.118,1,0,0
0.0965,0.772,-0.113,1,0,0
0.1015,0.772,-0.158,1,0,0
0.1015,0.772,-0.153,1,0,0
0.1015,0.772,-0.148,1,0,0
0.1015,0.772,-0.143,1,0,0
0.1015,0.772,-0.138,1,0,0
0.1015,0.772,-0.133,1,0,0
0.1015,0.772,-0.128,1,0,0
0.1015,0.772,-0.123,1,0,0
0.1015,0.772,-0.118,1,0,0
0.1015,0.772,-0.113,1,0,0
0.1065,0.772,-0.158,1,0,0
0.1065,0.772,-0.153,1,0,0
0.1065,0.772,-0.148,1,0,0
0.1065,0.772,-0.143,1,0,0
0.1065,0.772,-0.138,1,0,0
0.1065,0.772,-0.133,1,0,0
0.1065,0.772,-0.128,1,0,0
0.1065,0.772,-0.123,1,0,0
0.1065,0.772,-0.118,1,0,0
0.1065,0.772,-0.113,1,0,0
0.1115,0.772,-0.158,1,0,0
0.1115,0.772,-0.153,1,0,0
0.1115,0.772,-0.148,1,0,0
0.1115,0.772,-0.143,1,0,0
0.1115,0.772,-0.138,1,0,0
0.1115,0.772,-0.133,1,0,0
0.1115,0.772,-0.128,1,0,0
0.1115,0.772,-0.123,1,0,0
0.1115,0.772,-0.118,1,0,0
0.1115,0.772,-0.113,1,0,0
0.1165,0.772,-0.158,1,0,0
0.1165,0.772,-0.153,1,0,0
0.1165,0.772,-0.148,1,0,0
0.1165,0.772,-0.143,1,0,0
0.1165,0.772,-0.138,1,0,0
0.1165,0.772,-0.133,1,0,0
0.1165,0.772,-0.128,1,0,0
0.1165,0.772,-0.123,1,0,0
0.1165,0.772,-0.118,1,0,0
0.1165,0.772,-0.113,1,0,0
0.1215,0.772,-0.158,1,0,0
0.1215,0.772,-0.153,1,0,0
0.1215,0.772,-0.148,1,0,0
0.1215,0.772,-0.143,1,0,0
0.1215,0.772,-0.138,1,0,0
0.1215,0.772,-0.133,1,0,0
0.1215,0.772,-0.128,1,0,0
0.1215,0.772,-0.123,1,0,0
0.1215,0.772,-0.118,1,0,0
0.1215,0.772,-0.113,1,0,0
0.1265,0.772,-0.158,1,0,0
0.1265,0.772,-0.153,1,0,0
0.1265,0.772,-0.148,1,0,0
0.1265,0.772,-0.143,1,0,0
0.1265,0.772,-0.138,1,0,0
0.1265,0.772,-0.133,1,0,0
0.1265,0.772,-0.128,1,0,0
0.1265,0.772,-0.123,1,0,0
0.1265,0.772,-0.118,1,0,0
0.1265,0.772,-0.113,1,0,0
0.1315,0.772,-0.158,1,0,0
0.1315,0.772,-0.153,1,0,0
0.1315,0.772,-0.148,1,0,0
0.1315,0.772,-0.143,1,0,0
0.1315,0.772,-0.138,1,0,0
0.1315,0.772,-0.133,1,0,0
0.1315,0.772,-0.128,1,0,0
0.1315,0.772,-0.123,1,0,0
0.1315,0.772,-0.118,1,0,0
0.1315,0.772,-0.113,1,0,0
0.1365,0.772,-0.158,1,0,0
0.1365,0.772,-0.153,1,0,0
0.1365,0.772,-0.148,1,0,0
0.1365,0.772,-0.143,1,0,0
0.1365,0.772,-0.138,1,0,0
0.1365,0.772,-0.133,1,0,0
0.1365,0.772,-0.128,1,0,0
0.1365,0.772,-0.123,1,0,0
0.1365,0.772,-0.118,1,0,0
0.1365,0.772,-0.113,1,0,0
0.1415,0.772,-0.158,1,0,0
0.1415,0.772,-0.153,1,0,0
0.1415,0.772,-0.148,1,0,0
0.1415,0.772,-0.143,1,0,0
0.1415,0.772,-0.138,1,0,0
0.1415,0.772,-0.133,1,0,0
0.1415,0.772,-0.128,1,0,0
0.1415,0.772,-0.123,1,0,0
0.1415,0.772,-0.118,1,0,0
0.1415,0.772,-0.113,1,0,0
0.1465,0.772,-0.158,1,0,0
0.1465,0.772,-0.153,1,0,0
0.1465,0.772,-0.148,1,0,0
0.1465,0.772,-0.143,1,0,0
0.1465,0.772,-0.138,1,0,0
0.1465,0.772,-0.133,1,0,0
0.1465,0.772,-0.128,1,0,0
0.1465,0.772,-0.123,1,0,0
0.1465,0.772,-0.118,1,0,0
0.1465,0.772,-0.113,1,0,0
0.1515,0.772,-0.158,1,0,0
0.1515,0.772,-0.153,1,0,0
0.1515,0.772,-0.148,1,0,0
0.1515,0.772,-0.143,1,0,0
0.1515,0.772,-0.138,1,0,0
0.1515,0.772,-0.133,1,0,0
0.1515,0.772,-0.128,1,0,0
0.1515,0.772,-0.123,1,0,0
0.1515,0.772,-0.118,1,0,0
0.1515,0.772,-0.113,1,0,0
0.1565,0.772,-0.158,1,0,0
0.1565,0.772,-0.153,1,0,0
0.1565,0.772,-0.148,1,0,0
0.1565,0.772,-0.143,1,0,0
0.1565,0.772,-0.138,1,0,0
0.1565,0.772,-0.133,1,0,0
0.1565,0.772,-0.128,1,0,0
0.1565,0.772,-0.123,1,0,0
0.1565,0.772,-0.118,1,0,0
0.1565,0.772,-0.113,1,0,0
0.1615,0.772,-0.158,1,0,0
0.1615,0.772,-0.153,1,0,0
0.1615,0.772,-0.148,1,0,0
0.1615,0.772,-0.143,1,0,0
0.1615,0.772,-0.138,1,0,0
0.1615,0.772,-0.133,1,0,0
0.1615,0.772,-0.128,1,0,0
0.1615,0.772,-0.123,1,0,0
0.1615,0.772,-0.118,1,0,0
0.1615,0.772,-0.113,1,0,0
0.1665,0.772,-0.158,1,0,0
0.1665,0.772,-0.153,1,0,0
0.1665,0.772,-0.148,1,0,0
0.1665,0.772,-0.143,1,0,0
0.1665,0.772,-0.138,1,0,0
0.1665,0.772,-0.133,1,0,0
0.1665,0.772,-0.128,1,0,0
0.1665,0.772,-0.123,1,0,0
0.1665,0.772,-0.118,1,0,0
0.1665,0.772,-0.113,1,0,0
0.0515,0.777,-0.158,1,0,0
0.0515,0.777,-0.153,1,0,0
0.0515,0.777,-0.148,1,0,0
0.0515,0.777,-0.143,1,0,0
0.0515,0.777,-0.138,1,0,0
0.0515,0.777,-0.133,1,0,0
0.0515,0.777,-0.128,1,0,0
0.0515,0.777,-0.123,1,0,0
0.0515,0.777,-0.118,1,0,0
0.0515,0.777,-0.113,1,0,0
0.0565,0.777,-0.158,1,0,0
0.0565,0.777,-0.153,1,0,0
0.0565,0.777,-0.148,1,0,0
0.0565,0.777,-0.143,1,0,0
0.0565,0.777,-0.138,1,0,0
0.0565,0.777,-0.133,1,0,0
0.0565,0.777,-0.128,1,0,0
0.0565,0.777,-0.123,1,0,0
0.0565,0.777,-0.118,1,0,0
0.0565,0.777,-0.113,1,0,0
0.0615,0.777,-0.158,1,0,0
0.0615,0.777,-0.153,1,0,0
0.0615,0.777,-0.148,1,0,0
0.0615,0.777,-0.143,1,0,0
0.0615,0.777,-0.138,1,0,0
0.0615,0.777,-0.133,1,0,0
0.0615,0.777,-0.128,1,0,0
0.0615,0.777,-0.123,1,0,0
0.0615,0.777,-0.118,1,0,0
0.0615,0.777,-0.113,1,0,0
0.0665,0.777,-0.158,1,0,0
0.0665,0.777,-0.153,1,0,0
0.0665,0.777,-0.148,1,0,0
0.0665,0.777,-0.143,1,0,0
0.0665,0.777,-0.138,1,0,0
0.0665,0.777,-0.133,1,0,0
0.0665,0.777,-0.128,1,0,0
0.0665,0.777,-0.123,1,0,0
0.0665,0.777,-0.118,1,0,0
0.0665,0.777,-0.113,1,0,0
0.0715,0.777,-0.158,1,0,0
0.0715,0.777,-0.153,1,0,0
0.0715,0.777,-0.148,1,0,0
0.0715,0.777,-0.143,1,0,0
0.0715,0.777,-0.138,1,0,0
0.0715,0.777,-0.133,1,0,0
0.0715,0.777,-0.128,1,0,0
0.0715,0.777,-0.123,1,0,0
0.0715,0.777,-0.118,1,0,0
0.0715,0.777,-0.113,1,0,0
0.0765,0.777,-0.158,1,0,0
0.0765,0.777,-0.153,1,0,0
0.0765,0.777,-0.148,1,0,0
0.0765,0.777,-0.143,1,0,0
0.0765,0.777,-0.138,1,0,0
0.0765,0.777,-0.133,1,0,0
0.0765,0.777,-0.128,1,0,0
0.0765,0.777,-0.123,1,0,0
0.0765,0.777,-0.118,1,0,0
0.0765,0.777,-0.113,1,0,0
0.0815,0.777,-0.158,1,0,0
0.0815,0.777,-0.153,1,0,0
0.0815,0.777,-0.148,1,0,0
0.0815,0.777,-0.143,1,0,0
0.0815,0.777,-0.138,1,0,0
0.0815,0.777,-0.133,1,0,0
0.0815,0.777,-0.128,1,0,0
0.0815,0.777,-0.123,1,0,0
0.0815,0.777,-0.118,1,0,0
0.0815,0.777,-0.113,1,0,0
0.0865,0.777,-0.158,1,0,0
0.0865,0.777,-0.153,1,0,0
0.0865,0.777,-0.148,1,0,0
0.0865,0.777,-0.143,1,0,0
0.0865,0.777,-0.138,1,0,0
0.0865,0.777,-0.133,1,0,0
0.0865,0.777,-0.128,1,0,0
0.0865,0.777,-0.123,1,0,0
0.0865,0.777,-0.118,1,0,0
0.0865,0.777,-0.113,1,0,0
0.0915,0.777,-0.158,1,0,0
0.0915,0.777,-0.153,1,0,0
0.0915,0.777,-0.148,1,0,0
0.0915,0.777,-0.143,1,0,0
0.0915,0.777,-0.138,1,0,0
0.0915,0.777,-0.133,1,0,0
0.0915,0.777,-0.128,1,0,0
0.0915,0.777,-0.123,1,0,0
0.0915,0.777,-0.118,1,0,0
0.0915,0.777,-0.113,1,0,0
0.0965,0.777,-0.158,1,0,0
0.0965,0.777,-0.153,1,0,0
0.0965,0.777,-0.148,1,0,0
0.0965,0.777,-0.143,1,0,0
0.0965,0.777,-0.138,1,0,0
0.0965,0.777,-0.133,1,0,0
0.0965,0.777,-0.128,1,0,0
0.0965,0.777,-0.123,1,0,0
0.0965,0.777,-0.118,1,0,0
0.0965,0.777,-0.113,1,0,0
0.1015,0.777,-0.158,1,0,0
0.1015,0.777,-0.153,1,0,0
0.1015,0.777,-0.148,1,0,0
0.1015,0.777,-0.143,1,0,0
0.1015,0.777,-0.138,1,0,0
0.1015,0.777,-0.133,1,0,0
0.1015,0.777,-0.128,1,0,0
0.1015,0.777,-0.123,1,0,0
0.1015,0.777,-0.118,1,0,0
0.1015,0.777,-0.113,1,0,0
0.1065,0.777,-0.158,1,0,0
0.1065,0.777,-0.153,1,0,0
0.1065,0.777,-0.148,1,0,0
0.1065,0.777,-0.143,1,0,0
0.1065,0.777,-0.138,1,0,0
0.1065,0.777,-0.133,1,0,0
0.1065,0.777,-0.128,1,0,0
0.1065,0.777,-0.123,1,0,0
0.1065,0.777,-0.118,1,0,0
0.1065,0.777,-0.113,1,0,0
0.1115,0.777,-0.158,1,0,0
0.1115,0.777,-0.153,1,0,0
0.1115,0.777,-0.148,1,0,0
0.1115,0.777,-0.143,1,0,0
0.1115,0.777,-0.138,1,0,0
0.1115,0.777,-0.133,1,0,0
0.1115,0.777,-0.128,1,0,0
0.1115,0.777,-0.123,1,0,0
0.1115,0.777,-0.118,1,0,0
0.1115,0.777,-0.113,1,0,0
0.1165,0.777,-0.158,1,0,0
0.1165,0.777,-0.153,1,0,0
0.1165,0.777,-0.148,1,0,0
0.1165,0.777,-0.143,1,0,0
0.1165,0.777,-0.138,1,0,0
0.1165,0.777,-0.133,1,0,0
0.1165,0.777,-0.128,1,0,0
0.1165,0.777,-0.123,1,0,0
0.1165,0.777,-0.118,1,0,0
0.1165,0.777,-0.113,1,0,0
0.1215,0.777,-0.158,1,0,0
0.1215,0.777,-0.153,1,0,0
0.1215,0.777,-0.148,1,0,0
0.1215,0.777,-0.143,1,0,0
0.1215,0.777,-0.138,1,0,0
0.1215,0.777,-0.133,1,0,0
0.1215,0.777,-0.128,1,0,0
0.1215,0.777,-0.123,1,0,0
0.1215,0.777,-0.118,1,0,0
0.1215,0.777,-0.113,1,0,0
0.1265,0.777,-0.158,1,0,0
0.1265,0.777,-0.153,1,0,0
0.1265,0.777,-0.148,1,0,0
0.1265,0.777,-0.143,1,0,0
0.1265,0.777,-0.138,1,0,0
0.1265,0.777,-0.133,1,0,0
0.1265,0.777,-0.128,1,0,0
0.1265,0.777,-0.123,1,0,0
0.1265,0.777,-0.118,1,0,0
0.1265,0.777,-0.113,1,0,0
0.1315,0.777,-0.158,1,0,0
0.1315,0.777,-0.153,1,0,0
0.1315,0.777,-0.148,1,0,0
0.1315,0.777,-0.143,1,0,0
0.1315,0.777,-0.138,1,0,0
0.1315,0.777,-0.133,1,0,0
0.1315,0.777,-0.128,1,0,0
0.1315,0.777,-0.123,1,0,0
0.1315,0.777,-0.118,1,0,0
0.1315,0.777,-0.113,1,0,0
0.1365,0.777,-0.158,1,0,0
0.1365,0.777,-0.153,1,0,0
0.1365,0.777,-0.148,1,0,0
0.1365,0.777,-0.143,1,0,0
0.1365,0.777,-0.138,1,0,0
0.1365,0.777,-0.133,1,0,0
0.1365,0.777,-0.128,1,0,0
0.1365,0.777,-0.123,1,0,0
0.1365,0.777,-0.118,1,0,0
0.1365,0.777,-0.113,1,0,0
0.1415,0.777,-0.158,1,0,0
0.1415,0.777,-0.153,1,0,0
0.1415,0.777,-0.148,1,0,0
0.1415,0.777,-0.143,1,0,0
0.1415,0.777,-0.138,1,0,0
0.1415,0.777,-0.133,1,0,0
0.1415,0.777,-0.128,1,0,0
0.1415,0.777,-0.123,1,0,0
0.1415,0.777,-0.118,1,0,0
0.1415,0.777,-0.113,1,0,0
0.1465,0.777,-0.158,1,0,0
0.1465,0.777,-0.153,1,0,0
0.1465,0.777,-0.148,1,0,0
0.1465,0.777,-0.143,1,0,0
0.1465,0.777,-0.138,1,0,0
0.1465,0.777,-0.133,1,0,0
0.1465,0.777,-0.128,1,0,0
0.1465,0.777,-0.123,1,0,0
0.1465,0.777,-0.118,1,0,0
0.1465,0.777,-0.113,1,0,0
0.1515,0.777,-0.158,1,0,0
0.1515,0.777,-0.153,1,0,0
0.1515,0.777,-0.148,1,0,0
0.1515,0.777,-0.143,1,0,0
0.1515,0.777,-0.138,1,0,0
0.1515,0.777,-0.133,1,0,0
0.1515,0.777,-0.128,1,0,0
0.1515,0.777,-0.123,1,0,0
0.1515,0.777,-0.118,1,0,0
0.1515,0.777,-0.113,1,0,0
0.1565,0.777,-0.158,1,0,0
0.1565,0.777,-0.153,1,0,0
0.1565,0.777,-0.148,1,0,0
0.1565,0.777,-0.143,1,0,0
0.1565,0.777,-0.138,1,0,0
0.1565,0.777,-0.133,1,0,0
0.1565,0.777,-0.128,1,0,0
0.1565,0.777,-0.123,1,0,0
0.1565,0.777,-0.118,1,0,0
0.1565,0.777,-0.113,1,0,0
0.1615,0.777,-0.158,1,0,0
0.1615,0.777,-0.153,1,0,0
0.1615,0.777,-0.148,1,0,0
0.1615,0.777,-0.143,1,0,0
0.1615,0.777,-0.138,1,0,0
0.1615,0.777,-0.133,1,0,0
0.1615,0.777,-0.128,1,0,0
0.1615,0.777,-0.123,1,0,0
0.1615,0.777,-0.118,1,0,0
0.1615,0.777,-0.113,1,0,0
0.1665,0.777,-0.158,1,0,0
0.1665,0.777,-0.153,1,0,0
0.1665,0.777,-0.148,1,0,0
0.1665,0.777,-0.143,1,0,0
0.1665,0.777,-0.138,1,0,0
0.1665,0.777,-0.133,1,0,0
0.1665,0.777,-0.128,1,0,0
0.1665,0.777,-0.123,1,0,0
0.1665,0.777,-0.118,1,0,0
0.1665,0.777,-0.113,1,0,0
0.0515,0.782,-0.158,1,0,0
0.0515,0.782,-0.153,1,0,0
0.0515,0.782,-0.148,1,0,0
0.0515,0.782,-0.143,1,0,0
0.0515,0.782,-0.138,1,0,0
0.0515,0.782,-0.133,1,0,0
0.0515,0.782,-0.128,1,0,0
0.0515,0.782,-0.123,1,0,0
0.0515,0.782,-0.118,1,0,0
0.0515,0.782,-0.113,1,0,0
0.0565,0.782,-0.158,1,0,0
0.0565,0.782,-0.153,1,0,0
0.0565,0.782,-0.148,1,0,0
0.0565,0.782,-0.143,1,0,0
0.0565,0.782,-0.138,1,0,0
0.0565,0.782,-0.133,1,0,0
0.0565,0.782,-0.128,1,0,0
0.0565,0.782,-0.123,1,0,0
0.0565,0.782,-0.118,1,0,0
0.0565,0.782,-0.113,1,0,0
0.0615,0.782,-0.158,1,0,0
0.0615,0.782,-0.153,1,0,0
0.0615,0.782,-0.148,1,0,0
0.0615,0.782,-0.143,1,0,0
0.0615,0.782,-0.138,1,0,0
0.0615,0.782,-0.133,1,0,0
0.0615,0.782,-0.128,1,0,0
0.0615,0.782,-0.123,1,0,0
0.0615,0.782,-0.118,1,0,0
0.0615,0.782,-0.113,1,0,0
0.0665,0.782,-0.158,1,0,0
0.0665,0.782,-0.153,1,0,0
0.0665,0.782,-0.148,1,0,0
0.0665,0.782,-0.143,1,0,0
0.0665,0.782,-0.138,1,0,0
0.0665,0.782,-0.133,1,0,0
0.0665,0.782,-0.128,1,0,0
0.0665,0.782,-0.123,1,0,0
0.0665,0.782,-0.118,1,0,0
0.0665,0.782,-0.113,1,0,0
0.0715,0.782,-0.158,1,0,0
0.0715,0.782,-0.153,1,0,0
0.0715,0.782,-0.148,1,0,0
0.0715,0.782,-0.143,1,0,0
0.0715,0.782,-0.138,1,0,0
0.0715,0.782,-0.133,1,0,0
0.0715,0.782,-0.128,1,0,0
0.0715,0.782,-0.123,1,0,0
0.0715,0.782,-0.118,1,0,0
0.0715,0.782,-0.113,1,0,0
0.0765,0.782,-0.158,1,0,0
0.0765,0.782,-0.153,1,0,0
0.0765,0.782,-0.148,1,0,0
0.0765,0.782,-0.143,1,0,0
0.0765,0.782,-0.138,1,0,0
0.0765,0.782,-0.133,1,0,0
0.0765,0.782,-0.128,1,0,0
0.0765,0.782,-0.123,1,0,0
0.0765,0.782,-0.118,1,0,0
0.0765,0.782,-0.113,1,0,0
0.0815,0.782,-0.158,1,0,0
0.0815,0.782,-0.153,1,0,0
0.0815,0.782,-0.148,1,0,0
0.0815,0.782,-0.143,1,0,0
0.0815,0.782,-0.138,1,0,0
0.0815,0.782,-0.133,1,0,0
0.0815,0.782,-0.128,1,0,0
0.0815,0.782,-0.123,1,0,0
0.0815,0.782,-0.118,1,0,0
0.0815,0.782,-0.113,1,0,0
0.0865,0.782,-0.158,1,0,0
0.0865,0.782,-0.153,1,0,0
0.0865,0.782,-0.148,1,0,0
0.0865,0.782,-0.143,1,0,0
0.0865,0.782,-0.138,1,0,0
0.0865,0.782,-0.133,1,0,0
0.0865,0.782,-0.128,1,0,0
0.0865,0.782,-0.123,1,0,0
0.0865,0.782,-0.118,1,0,0
0.0865,0.782,-0.113,1,0,0
0.0915,0.782,-0.158,1,0,0
0.0915,0.782,-0.153,1,0,0
0.0915,0.782,-0.148,1,0,0
0.0915,0.782,-0.143,1,0,0
0.0915,0.782,-0.138,1,0,0
0.0915,0.782,-0.133,1,0,0
0.0915,0.782,-0.128,1,0,0
0.0915,0.782,-0.123,1,0,0
0.0915,0.782,-0.118,1,0,0
0.0915,0.782,-0.113,1,0,0
0.0965,0.782,-0.158,1,0,0
0.0965,0.782,-0.153,1,0,0
0.0965,0.782,-0.148,1,0,0
0.0965,0.782,-0.143,1,0,0
0.0965,0.782,-0.138,1,0,0
0.0965,0.782,-0.133,1,0,0
0.0965,0.782,-0.128,1,0,0
0.0965,0.782,-0.123,1,0,0
0.0965,0.782,-0.118,1,0,0
0.0965,0.782,-0.113,1,0,0
0.1015,0.782,-0.158,1,0,0
0.1015,0.782,-0.153,1,0,0
0.1015,0.782,-0.148,1,0,0
0.1015,0.782,-0.143,1,0,0
0.1015,0.782,-0.138,1,0,0
0.1015,0.782,-0.133,1,0,0
0.1015,0.782,-0.128,1,0,0
0.1015,0.782,-0.123,1,0,0
0.1015,0.782,-0.118,1,0,0
0.1015,0.782,-0.113,1,0,0
0.1065,0.782,-0.158,1,0,0
0.1065,0.782,-0.153,1,0,0
0.1065,0.782,-0.148,1,0,0
0.1065,0.782,-0.143,1,0,0
0.1065,0.782,-0.138,1,0,0
0.1065,0.782,-0.133,1,0,0
0.1065,0.782,-0.128,1,0,0
0.1065,0.782,-0.123,1,0,0
0.1065,0.782,-0.118,1,0,0
0.1065,0.782,-0.113,1,0,0
0.1115,0.782,-0.158,1,0,0
0.1115,0.782,-0.153,1,0,0
0.1115,0.782,-0.148,1,0,0
0.1115,0.782,-0.143,1,0,0
0.1115,0.782,-0.138,1,0,0
0.1115,0.782,-0.133,1,0,0
0.1115,0.782,-0.128,1,0,0
0.1115,0.782,-0.123,1,0,0
0.1115,0.782,-0.118,1,0,0
0.1115,0.782,-0.113,1,0,0
0.1165,0.782,-0.158,1,0,0
0.1165,0.782,-0.153,1,0,0
0.1165,0.782,-0.148,1,0,0
0.1165,0.782,-0.143,1,0,0
0.1165,0.782,-0.138,1,0,0
0.1165,0.782,-0.133,1,0,0
0.1165,0.782,-0.128,1,0,0
0.1165,0.782,-0.123,1,0,0
0.1165,0.782,-0.118,1,0,0
0.1165,0.782,-0.113,1,0,0
0.1215,0.782,-0.158,1,0,0
0.1215,0.782,-0.153,1,0,0
0.1215,0.782,-0.148,1,0,0
0.1215,0.782,-0.143,1,0,0
0.1215,0.782,-0.138,1,0,0
0.1215,0.782,-0.133,1,0,0
0.1215,0.782,-0.128,1,0,0
0.1215,0.782,-0.123,1,0,0
0.1215,0.782,-0.118,1,0,0
0.1215,0.782,-0.113,1,0,0
0.1265,0.782,-0.158,1,0,0
0.1265,0.782,-0.153,1,0,0
0.1265,0.782,-0.148,1,0,0
0.1265,0.782,-0.143,1,0,0
0.1265,0.782,-0.138,1,0,0
0.1265,0.782,-0.133,1,0,0
0.1265,0.782,-0.128,1,0,0
0.1265,0.782,-0.123,1,0,0
0.1265,0.782,-0.118,1,0,0
0.1265,0.782,-0.113,1,0,0
0.1315,0.782,-0.158,1,0,0
0.1315,0.782,-0.153,1,0,0
0.1315,0.782,-0.148,1,0,0
0.1315,0.782,-0.143,1,0,0
0.1315,0.782,-0.138,1,0,0
0.1315,0.782,-0.133,1,0,0
0.1315,0.782,-0.128,1,0,0
0.1315,0.782,-0.123,1,0,0
0.1315,0.782,-0.118,1,0,0
0.1315,0.782,-0.113,1,0,0
0.1365,0.782,-0.158,1,0,0
0.1365,0.782,-0.153,1,0,0
0.1365,0.782,-0.148,1,0,0
0.1365,0.782,-0.143,1,0,0
0.1365,0.782,-0.138,1,0,0
0.1365,0.782,-0.133,1,0,0
0.1365,0.782,-0.128,1,0,0
0.1365,0.782,-0.123,1,0,0
0.1365,0.782,-0.118,1,0,0
0.1365,0.782,-0.113,1,0,0
0.1415,0.782,-0.158,1,0,0
0.1415,0.782,-0.153,1,0,0
0.1415,0.782,-0.148,1,0,0
0.1415,0.782,-0.143,1,0,0
0.1415,0.782,-0.138,1,0,0
0.1415,0.782,-0.133,1,0,0
0.1415,0.782,-0.128,1,0,0
0.1415,0.782,-0.123,1,0,0
0.1415,0.782,-0.118,1,0,0
0.1415,0.782,-0.113,1,0,0
0.1465,0.782,-0.158,1,0,0
0.1465,0.782,-0.153,1,0,0
0.1465,0.782,-0.148,1,0,0
0.1465,0.782,-0.143,1,0,0
0.1465,0.782,-0.138,1,0,0
0.1465,0.782,-0.133,1,0,0
0.1465,0.782,-0.128,1,0,0
0.1465,0.782,-0.123,1,0,0
0.1465,0.782,-0.118,1,0,0
0.1465,0.782,-0.113,1,0,0
0.1515,0.782,-0.158,1,0,0
0.1515,0.782,-0.153,1,0,0
0.1515,0.782,-0.148,1,0,0
0.1515,0.782,-0.143,1,0,0
0.1515,0.782,-0.138,1,0,0
0.1515,0.782,-0.133,1,0,0
0.1515,0.782,-0.128,1,0,0
0.1515,0.782,-0.123,1,0,0
0.1515,0.782,-0.118,1,0,0
0.1515,0.782,-0.113,1,0,0
0.1565,0.782,-0.158,1,0,0
0.1565,0.782,-0.153,1,0,0
0.1565,0.782,-0.148,1,0,0
0.1565,0.782,-0.143,1,0,0
0.1565,0.782,-0.138,1,0,0
0.1565,0.782,-0.133,1,0,0
0.1565,0.782,-0.128,1,0,0
0.1565,0.782,-0.123,1,0,0
0.1565,0.782,-0.118,1,0,0
0.1565,0.782,-0.113,1,0,0
0.1615,0.782,-0.158,1,0,0
0.1615,0.782,-0.153,1,0,0
0.1615,0.782,-0.148,1,0,0
0.1615,0.782,-0.143,1,0,0
0.1615,0.782,-0.138,1,0,0
0.1615,0.782,-0.133,1,0,0
0.1615,0.782,-0.128,1,0,0
0.1615,0.782,-0.123,1,0,0
0.1615,0.782,-0.118,1,0,0
0.1615,0.782,-0.113,1,0,0
0.1665,0.782,-0.158,1,0,0
0.1665,0.782,-0.153,1,0,0
0.1665,0.782,-0.148,1,0,0
0.1665,0.782,-0.143,1,0,0
0.1665,0.782,-0.138,1,0,0
0.1665,0.782,-0.133,1,0,0
0.1665,0.782,-0.128,1,0,0
0.1665,0.782,-0.123,1,0,0
0.1665,0.782,-0.118,1,0,0
0.1665,0.782,-0.113,1,0,0
0.0515,0.787,-0.158,1,0,0
0.0515,0.787,-0.153,1,0,0
0.0515,0.787,-0.148,1,0,0
0.0515,0.787,-0.143,1,0,0
0.0515,0.787,-0.138,1,0,0
0.0515,0.787,-0.133,1,0,0
0.0515,0.787,-0.128,1,0,0
0.0515,0.787,-0.123,1,0,0
0.0515,0.787,-0.118,1,0,0
0.0515,0.787,-0.113,1,0,0
0.0565,0.787,-0.158,1,0,0
0.0565,0.787,-0.153,1,0,0
0.0565,0.787,-0.148,1,0,0
0.0565,0.787,-0.143,1,0,0
0.0565,0.787,-0.138,1,0,0
0.0565,0.787,-0.133,1,0,0
0.0565,0.787,-0.128,1,0,0
0.0565,0.787,-0.123,1,0,0
0.0565,0.787,-0.118,1,0,0
0.0565,0.787,-0.113,1,0,0
0.0615,0.787,-0.158,1,0,0
0.0615,0.787,-0.153,1,0,0
0.0615,0.787,-0.148,1,0,0
0.0615,0.787,-0.143,1,0,0
0.0615,0.787,-0.138,1,0,0
0.0615,0.787,-0.133,1,0,0
0.0615,0.787,-0.128,1,0,0
0.0615,0.787,-0.123,1,0,0
0.0615,0.787,-0.118,1,0,0
0.0615,0.787,-0.113,1,0,0
0.0665,0.787,-0.158,1,0,0
0.0665,0.787,-0.153,1,0,0
0.0665,0.787,-0.148,1,0,0
0.0665,0.787,-0.143,1,0,0
0.0665,0.787,-0.138,1,0,0
0.0665,0.787,-0.133,1,0,0
0.0665,0.787,-0.128,1,0,0
0.0665,0.787,-0.123,1,0,0
0.0665,0.787,-0.118,1,0,0
0.0665,0.787,-0.113,1,0,0
0.0715,0.787,-0.158,1,0,0
0.0715,0.787,-0.153,1,0,0
0.0715,0.787,-0.148,1,0,0
0.0715,0.787,-0.143,1,0,0
0.0715,0.787,-0.138,1,0,0
0.0715,0.787,-0.133,1,0,0
0.0715,0.787,-0.128,1,0,0
0.0715,0.787,-0.123,1,0,0
0.0715,0.787,-0.118,1,0,0
0.0715,0.787,-0.113,1,0,0
0.0765,0.787,-0.158,1,0,0
0.0765,0.787,-0.153,1,0,0
0.0765,0.787,-0.148,1,0,0
0.0765,0.787,-0.143,1,0,0
0.0765,0.787,-0.138,1,0,0
0.0765,0.787,-0.133,1,0,0
0.0765,0.787,-0.128,1,0,0
0.0765,0.787,-0.123,1,0,0
0.0765,0.787,-0.118,1,0,0
0.0765,0.787,-0.113,1,0,0
0.0815,0.787,-0.158,1,0,0
0.0815,0.787,-0.153,1,0,0
0.0815,0.787,-0.148,1,0,0
0.0815,0.787,-0.143,1,0,0
0.0815,0.787,-0.138,1,0,0
0.0815,0.787,-0.133,1,0,0
0.0815,0.787,-0.128,1,0,0
0.0815,0.787,-0.123,1,0,0
0.0815,0.787,-0.118,1,0,0
0.0815,0.787,-0.113,1,0,0
0.0865,0.787,-0.158,1,0,0
0.0865,0.787,-0.153,1,0,0
0.0865,0.787,-0.148,1,0,0
0.0865,0.787,-0.143,1,0,0
0.0865,0.787,-0.138,1,0,0
0.0865,0.787,-0.133,1,0,0
0.0865,0.787,-0.128,1,0,0
0.0865,0.787,-0.123,1,0,0
0.0865,0.787,-0.118,1,0,0
0.0865,0.787,-0.113,1,0,0
0.0915,0.787,-0.158,1,0,0
0.0915,0.787,-0.153,1,0,0
0.0915,0.787,-0.148,1,0,0
0.0915,0.787,-0.143,1,0,0
0.0915,0.787,-0.138,1,0,0
0.0915,0.787,-0.133,1,0,0
0.0915,0.787,-0.128,1,0,0
0.0915,0.787,-0.123,1,0,0
0.0915,0.787,-0.118,1,0,0
0.0915,0.787,-0.113,1,0,0
0.0965,0.787,-0.158,1,0,0
0.0965,0.787,-0.153,1,0,0
0.0965,0.787,-0.148,1,0,0
0.0965,0.787,-0.143,1,0,0
0.0965,0.787,-0.138,1,0,0
0.0965,0.787,-0.133,1,0,0
0.0965,0.787,-0.128,1,0,0
0.0965,0.787,-0.123,1,0,0
0.0965,0.787,-0.118,1,0,0
0.0965,0.787,-0.113,1,0,0
0.1015,0.787,-0.158,1,0,0
0.1015,0.787,-0.153,1,0,0
0.1015,0.787,-0.148,1,0,0
0.1015,0.787,-0.143,1,0,0
0.1015,0.787,-0.138,1,0,0
0.1015,0.787,-0.133,1,0,0
0.1015,0.787,-0.128,1,0,0
0.1015,0.787,-0.123,1,0,0
0.1015,0.787,-0.118,1,0,0
0.1015,0.787,-0.113,1,0,0
0.1065,0.787,-0.158,1,0,0
0.1065,0.787,-0.153,1,0,0
0.1065,0.787,-0.148,1,0,0
0.1065,0.787,-0.143,1,0,0
0.1065,0.787,-0.138,1,0,0
0.1065,0.787,-0.133,1,0,0
0.1065,0.787,-0.128,1,0,0
0.1065,0.787,-0.123,1,0,0
0.1065,0.787,-0.118,1,0,0
0.1065,0.787,-0.113,1,0,0
0.1115,0.787,-0.158,1,0,0
0.1115,0.787,-0.153,1,0,0
0.1115,0.787,-0.148,1,0,0
0.1115,0.787,-0.143,1,0,0
0.1115,0.787,-0.138,1,0,0
0.1115,0.787,-0.133,1,0,0
0.1115,0.787,-0.128,1,0,0
0.1115,0.787,-0.123,1,0,0
0.1115,0.787,-0.118,1,0,0
0.1115,0.787,-0.113,1,0,0
0.1165,0.787,-0.158,1,0,0
0.1165,0.787,-0.153,1,0,0
0.1165,0.787,-0.148,1,0,0
0.1165,0.787,-0.143,1,0,0
0.1165,0.787,-0.138,1,0,0
0.1165,0.787,-0.133,1,0,0
0.1165,0.787,-0.128,1,0,0
0.1165,0.787,-0.123,1,0,0
0.1165,0.787,-0.118,1,0,0
0.1165,0.787,-0.113,1,0,0
0.1215,0.787,-0.158,1,0,0
0.1215,0.787,-0.153,1,0,0
0.1215,0.787,-0.148,1,0,0
0.1215,0.787,-0.143,1,0,0
0.1215,0.787,-0.138,1,0,0
0.1215,0.787,-0.133,1,0,0
0.1215,0.787,-0.128,1,0,0
0.1215,0.787,-0.123,1,0,0
0.1215,0.787,-0.118,1,0,0
0.1215,0.787,-0.113,1,0,0
0.1265,0.787,-0.158,1,0,0
0.1265,0.787,-0.153,1,0,0
0.1265,0.787,-0.148,1,0,0
0.1265,0.787,-0.143,1,0,0
0.1265,0.787,-0.138,1,0,0
0.1265,0.787,-0.133,1,0,0
0.1265,0.787,-0.128,1,0,0
0.1265,0.787,-0.123,1,0,0
0.1265,0.787,-0.118,1,0,0
0.1265,0.787,-0.113,1,0,0
0.1315,0.787,-0.158,1,0,0
0.1315,0.787,-0.153,1,0,0
0.1315,0.787,-0.148,1,0,0
0.1315,0.787,-0.143,1,0,0
0.1315,0.787,-0.138,1,0,0
0.1315,0.787,-0.133,1,0,0
0.1315,0.787,-0.128,1,0,0
0.1315,0.787,-0.123,1,0,0
0.1315,0.787,-0.118,1,0,0
0.1315,0.787,-0.113,1,0,0
0.1365,0.787,-0.158,1,0,0
0.1365,0.787,-0.153,1,0,0
0.1365,0.787,-0.148,1,0,0
0.1365,0.787,-0.143,1,0,0
0.1365,0.787,-0.138,1,0,0
0.1365,0.787,-0.133,1,0,0
0.1365,0.787,-0.128,1,0,0
0.1365,0.787,-0.123,1,0,0
0.1365,0.787,-0.118,1,0,0
0.1365,0.787,-0.113,1,0,0
0.1415,0.787,-0.158,1,0,0
0.1415,0.787,-0.153,1,0,0
0.1415,0.787,-0.148,1,0,0
0.1415,0.787,-0.143,1,0,0
0.1415,0.787,-0.138,1,0,0
0.1415,0.787,-0.133,1,0,0
0.1415,0.787,-0.128,1,0,0
0.1415,0.787,-0.123,1,0,0
0.1415,0.787,-0.118,1,0,0
0.1415,0.787,-0.113,1,0,0
0.1465,0.787,-0.158,1,0,0
0.1465,0.787,-0.153,1,0,0
0.1465,0.787,-0.148,1,0,0
0.1465,0.787,-0.143,1,0,0
0.1465,0.787,-0.138,1,0,0
0.1465,0.787,-0.133,1,0,0
0.1465,0.787,-0.128,1,0,0
0.1465,0.787,-0.123,1,0,0
0.1465,0.787,-0.118,1,0,0
0.1465,0.787,-0.113,1,0,0
0.1515,0.787,-0.158,1,0,0
0.1515,0.787,-0.153,1,0,0
0.1515,0.787,-0.148,1,0,0
0.1515,0.787,-0.143,1,0,0
0.1515,0.787,-0.138,1,0,0
0.1515,0.787,-0.133,1,0,0
0.1515,0.787,-0.128,1,0,0
0.1515,0.787,-0.123,1,0,0
0.1515,0.787,-0.118,1,0,0
0.1515,0.787,-0.113,1,0,0
0.1565,0.787,-0.158,1,0,0
0.1565,0.787,-0.153,1,0,0
0.1565,0.787,-0.148,1,0,0
0.1565,0.787,-0.143,1,0,0
0.1565,0.787,-0.138,1,0,0
0.1565,0.787,-0.133,1,0,0
0.1565,0.787,-0.128,1,0,0
0.1565,0.787,-0.123,1,0,0
0.1565,0.787,-0.118,1,0,0
0.1565,0.787,-0.113,1,0,0
0.1615,0.787,-0.158,1,0,0
0.1615,0.787,-0.153,1,0,0
0.1615,0.787,-0.148,1,0,0
0.1615,0.787,-0.143,1,0,0
0.1615,0.787,-0.138,1,0,0
0.1615,0.787,-0.133,1,0,0
0.1615,0.787,-0.128,1,0,0
0.1615,0.787,-0.123,1,0,0
0.1615,0.787,-0.118,1,0,0
0.1615,0.787,-0.113,1,0,0
0.1665,0.787,-0.158,1,0,0
0.1665,0.787,-0.153,1,0,0
0.1665,0.787,-0.148,1,0,0
0.1665,0.787,-0.143,1,0,0
0.1665,0.787,-0.138,1,0,0
0.1665,0.787,-0.133,1,0,0
0.1665,0.787,-0.128,1,0,0
0.1665,0.787,-0.123,1,0,0
0.1665,0.787,-0.118,1,0,0
0.1665,0.787,-0.113,1,0,0
0.0515,0.792,-0.158,1,0,0
0.0515,0.792,-0.153,1,0,0
0.0515,0.792,-0.148,1,0,0
0.0515,0.792,-0.143,1,0,0
0.0515,0.792,-0.138,1,0,0
0.0515,0.792,-0.133,1,0,0
0.0515,0.792,-0.128,1,0,0
0.0515,0.792,-0.123,1,0,0
0.0515,0.792,-0.118,1,0,0
0.0515,0.792,-0.113,1,0,0
0.0565,0.792,-0.158,1,0,0
0.0565,0.792,-0.153,1,0,0
0.0565,0.792,-0.148,1,0,0
0.0565,0.792,-0.143,1,0,0
0.0565,0.792,-0.138,1,0,0
0.0565,0.792,-0.133,1,0,0
0.0565,0.792,-0.128,1,0,0
0.0565,0.792,-0.123,1,0,0
0.0565,0.792,-0.118,1,0,0
0.0565,0.792,-0.113,1,0,0
0.0615,0.792,-0.158,1,0,0
0.0615,0.792,-0.153,1,0,0
0.0615,0.792,-0.148,1,0,0
0.0615,0.792,-0.143,1,0,0
0.0615,0.792,-0.138,1,0,0
0.0615,0.792,-0.133,1,0,0
0.0615,0.792,-0.128,1,0,0
0.0615,0.792,-0.123,1,0,0
0.0615,0.792,-0.118,1,0,0
0.0615,0.792,-0.113,1,0,0
0.0665,0.792,-0.158,1,0,0
0.0665,0.792,-0.153,1,0,0
0.0665,0.792,-0.148,1,0,0
0.0665,0.792,-0.143,1,0,0
0.0665,0.792,-0.138,1,0,0
0.0665,0.792,-0.133,1,0,0
0.0665,0.792,-0.128,1,0,0
0.0665,0.792,-0.123,1,0,0
0.0665,0.792,-0.118,1,0,0
0.0665,0.792,-0.113,1,0,0
0.0715,0.792,-0.158,1,0,0
0.0715,0.792,-0.153,1,0,0
0.0715,0.792,-0.148,1,0,0
0.0715,0.792,-0.143,1,0,0
0.0715,0.792,-0.138,1,0,0
0.0715,0.792,-0.133,1,0,0
0.0715,0.792,-0.128,1,0,0
0.0715,0.792,-0.123,1,0,0
0.0715,0.792,-0.118,1,0,0
0.0715,0.792,-0.113,1,0,0
0.0765,0.792,-0.158,1,0,0
0.0765,0.792,-0.153,1,0,0
0.0765,0.792,-0.148,1,0,0
0.0765,0.792,-0.143,1,0,0
0.0765,0.792,-0.138,1,0,0
0.0765,0.792,-0.133,1,0,0
0.0765,0.792,-0.128,1,0,0
0.0765,0.792,-0.123,1,0,0
0.0765,0.792,-0.118,1,0,0
0.0765,0.792,-0.113,1,0,0
0.0815,0.792,-0.158,1,0,0
0.0815,0.792,-0.153,1,0,0
0.0815,0.792,-0.148,1,0,0
0.0815,0.792,-0.143,1,0,0
0.0815,0.792,-0.138,1,0,0
0.0815,0.792,-0.133,1,0,0
0.0815,0.792,-0.128,1,0,0
0.0815,0.792,-0.123,1,0,0
0.0815,0.792,-0.118,1,0,0
0.0815,0.792,-0.113,1,0,0
0.0865,0.792,-0.158,1,0,0
0.0865,0.792,-0.153,1,0,0
0.0865,0.792,-0.148,1,0,0
0.0865,0.792,-0.143,1,0,0
0.0865,0.792,-0.138,1,0,0
0.0865,0.792,-0.133,1,0,0
0.0865,0.792,-0.128,1,0,0
0.0865,0.792,-0.123,1,0,0
0.0865,0.792,-0.118,1,0,0
0.0865,0.792,-0.113,1,0,0
0.0915,0.792,-0.158,1,0,0
0.0915,0.792,-0.153,1,0,0
0.0915,0.792,-0.148,1,0,0
0.0915,0.792,-0.143,1,0,0
0.0915,0.792,-0.138,1,0,0
0.0915,0.792,-0.133,1,0,0
0.0915,0.792,-0.128,1,0,0
0.0915,0.792,-0.123,1,0,0
0.0915,0.792,-0.118,1,0,0
0.0915,0.792,-0.113,1,0,0
0.0965,0.792,-0.158,1,0,0
0.0965,0.792,-0.153,1,0,0
0.0965,0.792,-0.148,1,0,0
0.0965,0.792,-0.143,1,0,0
0.0965,0.792,-0.138,1,0,0
0.0965,0.792,-0.133,1,0,0
0.0965,0.792,-0.128,1,0,0
0.0965,0.792,-0.123,1,0,0
0.0965,0.792,-0.118,1,0,0
0.0965,0.792,-0.113,1,0,0
0.1015,0.792,-0.158,1,0,0
0.1015,0.792,-0.153,1,0,0
0.1015,0.792,-0.148,1,0,0
0.1015,0.792,-0.143,1,0,0
0.1015,0.792,-0.138,1,0,0
0.1015,0.792,-0.133,1,0,0
0.1015,0.792,-0.128,1,0,0
0.1015,0.792,-0.123,1,0,0
0.1015,0.792,-0.118,1,0,0
0.1015,0.792,-0.113,1,0,0
0.1065,0.792,-0.158,1,0,0
0.1065,0.792,-0.153,1,0,0
0.1065,0.792,-0.148,1,0,0
0.1065,0.792,-0.143,1,0,0
0.1065,0.792,-0.138,1,0,0
0.1065,0.792,-0.133,1,0,0
0.1065,0.792,-0.128,1,0,0
0.1065,0.792,-0.123,1,0,0
0.1065,0.792,-0.118,1,0,0
0.1065,0.792,-0.113,1,0,0
0.1115,0.792,-0.158,1,0,0
0.1115,0.792,-0.153,1,0,0
0.1115,0.792,-0.148,1,0,0
0.1115,0.792,-0.143,1,0,0
0.1115,0.792,-0.138,1,0,0
0.1115,0.792,-0.133,1,0,0
0.1115,0.792,-0.128,1,0,0
0.1115,0.792,-0.123,1,0,0
0.1115,0.792,-0.118,1,0,0
0.1115,0.792,-0.113,1,0,0
0.1165,0.792,-0.158,1,0,0
0.1165,0.792,-0.153,1,0,0
0.1165,0.792,-0.148,1,0,0
0.1165,0.792,-0.143,1,0,0
0.1165,0.792,-0.138,1,0,0
0.1165,0.792,-0.133,1,0,0
0.1165,0.792,-0.128,1,0,0
0.1165,0.792,-0.123,1,0,0
0.1165,0.792,-0.118,1,0,0
0.1165,0.792,-0.113,1,0,0
0.1215,0.792,-0.158,1,0,0
0.1215,0.792,-0.153,1,0,0
0.1215,0.792,-0.148,1,0,0
0.1215,0.792,-0.143,1,0,0
0.1215,0.792,-0.138,1,0,0
0.1215,0.792,-0.133,1,0,0
0.1215,0.792,-0.128,1,0,0
0.1215,0.792,-0.123,1,0,0
0.1215,0.792,-0.118,1,0,0
0.1215,0.792,-0.113,1,0,0
0.1265,0.792,-0.158,1,0,0
0.1265,0.792,-0.153,1,0,0
0.1265,0.792,-0.148,1,0,0
0.1265,0.792,-0.143,1,0,0
0.1265,0.792,-0.138,1,0,0
0.1265,0.792,-0.133,1,0,0
0.1265,0.792,-0.128,1,0,0
0.1265,0.792,-0.123,1,0,0
0.1265,0.792,-0.118,1,0,0
0.1265,0.792,-0.113,1,0,0
0.1315,0.792,-0.158,1,0,0
0.1315,0.792,-0.153,1,0,0
0.1315,0.792,-0.148,1,0,0
0.1315,0.792,-0.143,1,0,0
0.1315,0.792,-0.138,1,0,0
0.1315,0.792,-0.133,1,0,0
0.1315,0.792,-0.128,1,0,0
0.1315,0.792,-0.123,1,0,0
0.1315,0.792,-0.118,1,0,0
0.1315,0.792,-0.113,1,0,0
0.1365,0.792,-0.158,1,0,0
0.1365,0.792,-0.153,1,0,0
0.1365,0.792,-0.148,1,0,0
0.1365,0.792,-0.143,1,0,0
0.1365,0.792,-0.138,1,0,0
0.1365,0.792,-0.133,1,0,0
0.1365,0.792,-0.128,1,0,0
0.1365,0.792,-0.123,1,0,0
0.1365,0.792,-0.118,1,0,0
0.1365,0.792,-0.113,1,0,0
0.1415,0.792,-0.158,1,0,0
0.1415,0.792,-0.153,1,0,0
0.1415,0.792,-0.148,1,0,0
0.1415,0.792,-0.143,1,0,0
0.1415,0.792,-0.138,1,0,0
0.1415,0.792,-0.133,1,0,0
0.1415,0.792,-0.128,1,0,0
0.1415,0.792,-0.123,1,0,0
0.1415,0.792,-0.118,1,0,0
0.1415,0.792,-0.113,1,0,0
0.1465,0.792,-0.158,1,0,0
0.1465,0.792,-0.153,1,0,0
0.1465,0.792,-0.148,1,0,0
0.1465,0.792,-0.143,1,0,0
0.1465,0.792,-0.138,1,0,0
0.1465,0.792,-0.133,1,0,0
0.1465,0.792,-0.128,1,0,0
0.1465,0.792,-0.123,1,0,0
0.1465,0.792,-0.118,1,0,0
0.1465,0.792,-0.113,1,0,0
0.1515,0.792,-0.158,1,0,0
0.1515,0.792,-0.153,1,0,0
0.1515,0.792,-0.148,1,0,0
0.1515,0.792,-0.143,1,0,0
0.1515,0.792,-0.138,1,0,0
0.1515,0.792,-0.133,1,0,0
0.1515,0.792,-0.128,1,0,0
0.1515,0.792,-0.123,1,0,0
0.1515,0.792,-0.118,1,0,0
0.1515,0.792,-0.113,1,0,0
0.1565,0.792,-0.158,1,0,0
0.1565,0.792,-0.153,1,0,0
0.1565,0.792,-0.148,1,0,0
0.1565,0.792,-0.143,1,0,0
0.1565,0.792,-0.138,1,0,0
0.1565,0.792,-0.133,1,0,0
0.1565,0.792,-0.128,1,0,0
0.1565,0.792,-0.123,1,0,0
0.1565,0.792,-0.118,1,0,0
0.1565,0.792,-0.113,1,0,0
0.1615,0.792,-0.158,1,0,0
0.1615,0.792,-0.153,1,0,0
0.1615,0.792,-0.148,1,0,0
0.1615,0.792,-0.143,1,0,0
0.1615,0.792,-0.138,1,0,0
0.1615,0.792,-0.133,1,0,0
0.1615,0.792,-0.128,1,0,0
0.1615,0.792,-0.123,1,0,0
0.1615,0.792,-0.118,1,0,0
0.1615,0.792,-0.113,1,0,0
0.1665,0.792,-0.158,1,0,0
0.1665,0.792,-0.153,1,0,0
0.1665,0.792,-0.148,1,0,0
0.1665,0.792,-0.143,1,0,0
0.1665,0.792,-0.138,1,0,0
0.1665,0.792,-0.133,1,0,0
0.1665,0.792,-0.128,1,0,0
0.1665,0.792,-0.123,1,0,0
0.1665,0.792,-0.118,1,0,0
0.1665,0.792,-0.113,1,0,0
0.0515,0.797,-0.158,1,0,0
0.0515,0.797,-0.153,1,0,0
0.0515,0.797,-0.148,1,0,0
0.0515,0.797,-0.143,1,0,0
0.0515,0.797,-0.138,1,0,0
0.0515,0.797,-0.133,1,0,0
0.0515,0.797,-0.128,1,0,0
0.0515,0.797,-0.123,1,0,0
0.0515,0.797,-0.118,1,0,0
0.0515,0.797,-0.113,1,0,0
0.0565,0.797,-0.158,1,0,0
0.0565,0.797,-0.153,1,0,0
0.0565,0.797,-0.148,1,0,0
0.0565,0.797,-0.143,1,0,0
0.0565,0.797,-0.138,1,0,0
0.0565,0.797,-0.133,1,0,0
0.0565,0.797,-0.128,1,0,0
0.0565,0.797,-0.123,1,0,0
0.0565,0.797,-0.118,1,0,0
0.0565,0.797,-0.113,1,0,0
0.0615,0.797,-0.158,1,0,0
0.0615,0.797,-0.153,1,0,0
0.0615,0.797,-0.148,1,0,0
0.0615,0.797,-0.143,1,0,0
0.0615,0.797,-0.138,1,0,0
0.0615,0.797,-0.133,1,0,0
0.0615,0.797,-0.128,1,0,0
0.0615,0.797,-0.123,1,0,0
0.0615,0.797,-0.118,1,0,0
0.0615,0.797,-0.113,1,0,0
0.0665,0.797,-0.158,1,0,0
0.0665,0.797,-0.153,1,0,0
0.0665,0.797,-0.148,1,0,0
0.0665,0.797,-0.143,1,0,0
0.0665,0.797,-0.138,1,0,0
0.0665,0.797,-0.133,1,0,0
0.0665,0.797,-0.128,1,0,0
0.0665,0.797,-0.123,1,0,0
0.0665,0.797,-0.118,1,0,0
0.0665,0.797,-0.113,1,0,0
0.0715,0.797,-0.158,1,0,0
0.0715,0.797,-0.153,1,0,0
0.0715,0.797,-0.148,1,0,0
0.0715,0.797,-0.143,1,0,0
0.0715,0.797,-0.138,1,0,0
0.0715,0.797,-0.133,1,0,0
0.0715,0.797,-0.128,1,0,0
0.0715,0.797,-0.123,1,0,0
0.0715,0.797,-0.118,1,0,0
0.0715,0.797,-0.113,1,0,0
0.0765,0.797,-0.158,1,0,0
0.0765,0.797,-0.153,1,0,0
0.0765,0.797,-0.148,1,0,0
0.0765,0.797,-0.143,1,0,0
0.0765,0.797,-0.138,1,0,0
0.0765,0.797,-0.133,1,0,0
0.0765,0.797,-0.128,1,0,0
0.0765,0.797,-0.123,1,0,0
0.0765,0.797,-0.118,1,0,0
0.0765,0.797,-0.113,1,0,0
0.0815,0.797,-0.158,1,0,0
0.0815,0.797,-0.153,1,0,0
0.0815,0.797,-0.148,1,0,0
0.0815,0.797,-0.143,1,0,0
0.0815,0.797,-0.138,1,0,0
0.0815,0.797,-0.133,1,0,0
0.0815,0.797,-0.128,1,0,0
0.0815,0.797,-0.123,1,0,0
0.0815,0.797,-0.118,1,0,0
0.0815,0.797,-0.113,1,0,0
0.0865,0.797,-0.158,1,0,0
0.0865,0.797,-0.153,1,0,0
0.0865,0.797,-0.148,1,0,0
0.0865,0.797,-0.143,1,0,0
0.0865,0.797,-0.138,1,0,0
0.0865,0.797,-0.133,1,0,0
0.0865,0.797,-0.128,1,0,0
0.0865,0.797,-0.123,1,0,0
0.0865,0.797,-0.118,1,0,0
0.0865,0.797,-0.113,1,0,0
0.0915,0.797,-0.158,1,0,0
0.0915,0.797,-0.153,1,0,0
0.0915,0.797,-0.148,1,0,0
0.0915,0.797,-0.143,1,0,0
0.0915,0.797,-0.138,1,0,0
0.0915,0.797,-0.133,1,0,0
0.0915,0.797,-0.128,1,0,0
0.0915,0.797,-0.123,1,0,0
0.0915,0.797,-0.118,1,0,0
0.0915,0.797,-0.113,1,0,0
0.0965,0.797,-0.158,1,0,0
0.0965,0.797,-0.153,1,0,0
0.0965,0.797,-0.148,1,0,0
0.0965,0.797,-0.143,1,0,0
0.0965,0.797,-0.138,1,0,0
0.0965,0.797,-0.133,1,0,0
0.0965,0.797,-0.128,1,0,0
0.0965,0.797,-0.123,1,0,0
0.0965,0.797,-0.118,1,0,0
0.0965,0.797,-0.113,1,0,0
0.1015,0.797,-0.158,1,0,0
0.1015,0.797,-0.153,1,0,0
0.1015,0.797,-0.148,1,0,0
0.1015,0.797,-0.143,1,0,0
0.1015,0.797,-0.138,1,0,0
0.1015,0.797,-0.133,1,0,0
0.1015,0.797,-0.128,1,0,0
0.1015,0.797,-0.123,1,0,0
0.1015,0.797,-0.118,1,0,0
0.1015,0.797,-0.113,1,0,0
0.1065,0.797,-0.158,1,0,0
0.1065,0.797,-0.153,1,0,0
0.1065,0.797,-0.148,1,0,0
0.1065,0.797,-0.143,1,0,0
0.1065,0.797,-0.138,1,0,0
0.1065,0.797,-0.133,1,0,0
0.1065,0.797,-0.128,1,0,0
0.1065,0.797,-0.123,1,0,0
0.1065,0.797,-0.118,1,0,0
0.1065,0.797,-0.113,1,0,0
0.1115,0.797,-0.158,1,0,0
0.1115,0.797,-0.153,1,0,0
0.1115,0.797,-0.148,1,0,0
0.1115,0.797,-0.143,1,0,0
0.1115,0.797,-0.138,1,0,0
0.1115,0.797,-0.133,1,0,0
0.1115,0.797,-0.128,1,0,0
0.1115,0.797,-0.123,1,0,0
0.1115,0.797,-0.118,1,0,0
0.1115,0.797,-0.113,1,0,0
0.1165,0.797,-0.158,1,0,0
0.1165,0.797,-0.153,1,0,0
0.1165,0.797,-0.148,1,0,0
0.1165,0.797,-0.143,1,0,0
0.1165,0.797,-0.138,1,0,0
0.1165,0.797,-0.133,1,0,0
0.1165,0.797,-0.128,1,0,0
0.1165,0.797,-0.123,1,0,0
0.1165,0.797,-0.118,1,0,0
0.1165,0.797,-0.113,1,0,0
0.1215,0.797,-0.158,1,0,0
0.1215,0.797,-0.153,1,0,0
0.1215,0.797,-0.148,1,0,0
0.1215,0.797,-0.143,1,0,0
0.1215,0.797,-0.138,1,0,0
0.1215,0.797,-0.133,1,0,0
0.1215,0.797,-0.128,1,0,0
0.1215,0.797,-0.123,1,0,0
0.1215,0.797,-0.118,1,0,0
0.1215,0.797,-0.113,1,0,0
0.1265,0.797,-0.158,1,0,0
0.1265,0.797,-0.153,1,0,0
0.1265,0.797,-0.148,1,0,0
0.1265,0.797,-0.143,1,0,0
0.1265,0.797,-0.138,1,0,0
0.1265,0.797,-0.133,1,0,0
0.1265,0.797,-0.128,1,0,0
0.1265,0.797,-0.123,1,0,0
0.1265,0.797,-0.118,1,0,0
0.1265,0.797,-0.113,1,0,0
0.1315,0.797,-0.158,1,0,0
0.1315,0.797,-0.153,1,0,0
0.1315,0.797,-0.148,1,0,0
0.1315,0.797,-0.143,1,0,0
0.1315,0.797,-0.138,1,0,0
0.1315,0.797,-0.133,1,0,0
0.1315,0.797,-0.128,1,0,0
0.1315,0.797,-0.123,1,0,0
0.1315,0.797,-0.118,1,0,0
0.1315,0.797,-0.113,1,0,0
0.1365,0.797,-0.158,1,0,0
0.1365,0.797,-0.153,1,0,0
0.1365,0.797,-0.148,1,0,0
0.1365,0.797,-0.143,1,0,0
0.1365,0.797,-0.138,1,0,0
0.1365,0.797,-0.133,1,0,0
0.1365,0.797,-0.128,1,0,0
0.1365,0.797,-0.123,1,0,0
0.1365,0.797,-0.118,1,0,0
0.1365,0.797,-0.113,1,0,0
0.1415,0.797,-0.158,1,0,0
0.1415,0.797,-0.153,1,0,0
0.1415,0.797,-0.148,1,0,0
0.1415,0.797,-0.143,1,0,0
0.1415,0.797,-0.138,1,0,0
0.1415,0.797,-0.133,1,0,0
0.1415,0.797,-0.128,1,0,0
0.1415,0.797,-0.123,1,0,0
0.1415,0.797,-0.118,1,0,0
0.1415,0.797,-0.113,1,0,0
0.1465,0.797,-0.158,1,0,0
0.1465,0.797,-0.153,1,0,0
0.1465,0.797,-0.148,1,0,0
0.1465,0.797,-0.143,1,0,0
0.1465,0.797,-0.138,1,0,0
0.1465,0.797,-0.133,1,0,0
0.1465,0.797,-0.128,1,0,0
0.1465,0.797,-0.123,1,0,0
0.1465,0.797,-0.118,1,0,0
0.1465,0.797,-0.113,1,0,0
0.1515,0.797,-0.158,1,0,0
0.1515,0.797,-0.153,1,0,0
0.1515,0.797,-0.148,1,0,0
0.1515,0.797,-0.143,1,0,0
0.1515,0.797,-0.138,1,0,0
0.1515,0.797,-0.133,1,0,0
0.1515,0.797,-0.128,1,0,0
0.1515,0.797,-0.123,1,0,0
0.1515,0.797,-0.118,1,0,0
0.1515,0.797,-0.113,1,0,0
0.1565,0.797,-0.158,1,0,0
0.1565,0.797,-0.153,1,0,0
0.1565,0.797,-0.148,1,0,0
0.1565,0.797,-0.143,1,0,0
0.1565,0.797,-0.138,1,0,0
0.1565,0.797,-0.133,1,0,0
0.1565,0.797,-0.128,1,0,0
0.1565,0.797,-0.123,1,0,0
0.1565,0.797,-0.118,1,0,0
0.1565,0.797,-0.113,1,0,0
0.1615,0.797,-0.158,1,0,0
0.1615,0.797,-0.153,1,0,0
0.1615,0.797,-0.148,1,0,0
0.1615,0.797,-0.143,1,0,0
0.1615,0.797,-0.138,1,0,0
0.1615,0.797,-0.133,1,0,0
0.1615,0.797,-0.128,1,0,0
0.1615,0.797,-0.123,1,0,0
0.1615,0.797,-0.118,1,0,0
0.1615,0.797,-0.113,1,0,0
0.1665,0.797,-0.158,1,0,0
0.1665,0.797,-0.153,1,0,0
0.1665,0.797,-0.148,1,0,0
0.1665,0.797,-0.143,1,0,0
0.1665,0.797,-0.138,1,0,0
0.1665,0.797,-0.133,1,0,0
0.1665,0.797,-0.128,1,0,0
0.1665,0.797,-0.123,1,0,0
0.1665,0.797,-0.118,1,0,0
0.1665,0.797,-0.113,1,0,0
0.0515,0.802,-0.158,1,0,0
0.0515,0.802,-0.153,1,0,0
0.0515,0.802,-0.148,1,0,0
0.0515,0.802,-0.143,1,0,0
0.0515,0.802,-0.138,1,0,0
0.0515,0.802,-0.133,1,0,0
0.0515,0.802,-0.128,1,0,0
0.0515,0.802,-0.123,1,0,0
0.0515,0.802,-0.118,1,0,0
0.0515,0.802,-0.113,1,0,0
0.0565,0.802,-0.158,1,0,0
0.0565,0.802,-0.153,1,0,0
0.0565,0.802,-0.148,1,0,0
0.0565,0.802,-0.143,1,0,0
0.0565,0.802,-0.138,1,0,0
0.0565,0.802,-0.133,1,0,0
0.0565,0.802,-0.128,1,0,0
0.0565,0.802,-0.123,1,0,0
0.0565,0.802,-0.118,1,0,0
0.0565,0.802,-0.113,1,0,0
0.0615,0.802,-0.158,1,0,0
0.0615,0.802,-0.153,1,0,0
0.0615,0.802,-0.148,1,0,0
0.0615,0.802,-0.143,1,0,0
0.0615,0.802,-0.138,1,0,0
0.0615,0.802,-0.133,1,0,0
0.0615,0.802,-0.128,1,0,0
0.0615,0.802,-0.123,1,0,0
0.0615,0.802,-0.118,1,0,0
0.0615,0.802,-0.113,1,0,0
0.0665,0.802,-0.158,1,0,0
0.0665,0.802,-0.153,1,0,0
0.0665,0.802,-0.148,1,0,0
0.0665,0.802,-0.143,1,0,0
0.0665,0.802,-0.138,1,0,0
0.0665,0.802,-0.133,1,0,0
0.0665,0.802,-0.128,1,0,0
0.0665,0.802,-0.123,1,0,0
0.0665,0.802,-0.118,1,0,0
0.0665,0.802,-0.113,1,0,0
0.0715,0.802,-0.158,1,0,0
0.0715,0.802,-0.153,1,0,0
0.0715,0.802,-0.148,1,0,0
0.0715,0.802,-0.143,1,0,0
0.0715,0.802,-0.138,1,0,0
0.0715,0.802,-0.133,1,0,0
0.0715,0.802,-0.128,1,0,0
0.0715,0.802,-0.123,1,0,0
0.0715,0.802,-0.118,1,0,0
0.0715,0.802,-0.113,1,0,0
0.0765,0.802,-0.158,1,0,0
0.0765,0.802,-0.153,1,0,0
0.0765,0.802,-0.148,1,0,0
0.0765,0.802,-0.143,1,0,0
0.0765,0.802,-0.138,1,0,0
0.0765,0.802,-0.133,1,0,0
0.0765,0.802,-0.128,1,0,0
0.0765,0.802,-0.123,1,0,0
0.0765,0.802,-0.118,1,0,0
0.0765,0.802,-0.113,1,0,0
0.0815,0.802,-0.158,1,0,0
0.0815,0.802,-0.153,1,0,0
0.0815,0.802,-0.148,1,0,0
0.0815,0.802,-0.143,1,0,0
0.0815,0.802,-0.138,1,0,0
0.0815,0.802,-0.133,1,0,0
0.0815,0.802,-0.128,1,0,0
0.0815,0.802,-0.123,1,0,0
0.0815,0.802,-0.118,1,0,0
0.0815,0.802,-0.113,1,0,0
0.0865,0.802,-0.158,1,0,0
0.0865,0.802,-0.153,1,0,0
0.0865,0.802,-0.148,1,0,0
0.0865,0.802,-0.143,1,0,0
0.0865,0.802,-0.138,1,0,0
0.0865,0.802,-0.133,1,0,0
0.0865,0.802,-0.128,1,0,0
0.0865,0.802,-0.123,1,0,0
0.0865,0.802,-0.118,1,0,0
0.0865,0.802,-0.113,1,0,0
0.0915,0.802,-0.158,1,0,0
0.0915,0.802,-0.153,1,0,0
0.0915,0.802,-0.148,1,0,0
0.0915,0.802,-0.143,1,0,0
0.0915,0.802,-0.138,1,0,0
0.0915,0.802,-0.133,1,0,0
0.0915,0.802,-0.128,1,0,0
0.0915,0.802,-0.123,1,0,0
0.0915,0.802,-0.118,1,0,0
0.0915,0.802,-0.113,1,0,0
0.0965,0.802,-0.158,1,0,0
0.0965,0.802,-0.153,1,0,0
0.0965,0.802,-0.148,1,0,0
0.0965,0.802,-0.143,1,0,0
0.0965,0.802,-0.138,1,0,0
0.0965,0.802,-0.133,1,0,0
0.0965,0.802,-0.128,1,0,0
0.0965,0.802,-0.123,1,0,0
0.0965,0.802,-0.118,1,0,0
0.0965,0.802,-0.113,1,0,0
0.1015,0.802,-0.158,1,0,0
0.1015,0.802,-0.153,1,0,0
0.1015,0.802,-0.148,1,0,0
0.1015,0.802,-0.143,1,0,0
0.1015,0.802,-0.138,1,0,0
0.1015,0.802,-0.133,1,0,0
0.1015,0.802,-0.128,1,0,0
0.1015,0.802,-0.123,1,0,0
0.1015,0.802,-0.118,1,0,0
0.1015,0.802,-0.113,1,0,0
0.1065,0.802,-0.158,1,0,0
0.1065,0.802,-0.153,1,0,0
0.1065,0.802,-0.148,1,0,0
0.1065,0.802,-0.143,1,0,0
0.1065,0.802,-0.138,1,0,0
0.1065,0.802,-0.133,1,0,0
0.1065,0.802,-0.128,1,0,0
0.1065,0.802,-0.123,1,0,0
0.1065,0.802,-0.118,1,0,0
0.1065,0.802,-0.113,1,0,0
0.1115,0.802,-0.158,1,0,0
0.1115,0.802,-0.153,1,0,0
0.1115,0.802,-0.148,1,0,0
0.1115,0.802,-0.143,1,0,0
0.1115,0.802,-0.138,1,0,0
0.1115,0.802,-0.133,1,0,0
0.1115,0.802,-0.128,1,0,0
0.1115,0.802,-0.123,1,0,0
0.1115,0.802,-0.118,1,0,0
0.1115,0.802,-0.113,1,0,0
0.1165,0.802,-0.158,1,0,0
0.1165,0.802,-0.153,1,0,0
0.1165,0.802,-0.148,1,0,0
0.1165,0.802,-0.143,1,0,0
0.1165,0.802,-0.138,1,0,0
0.1165,0.802,-0.133,1,0,0
0.1165,0.802,-0.128,1,0,0
0.1165,0.802,-0.123,1,0,0
0.1165,0.802,-0.118,1,0,0
0.1165,0.802,-0.113,1,0,0
0.1215,0.802,-0.158,1,0,0
0.1215,0.802,-0.153,1,0,0
0.1215,0.802,-0.148,1,0,0
0.1215,0.802,-0.143,1,0,0
0.1215,0.802,-0.138,1,0,0
0.1215,0.802,-0.133,1,0,0
0.1215,0.802,-0.128,1,0,0
0.1215,0.802,-0.123,1,0,0
0.1215,0.802,-0.118,1,0,0
0.1215,0.802,-0.113,1,0,0
0.1265,0.802,-0.158,1,0,0
0.1265,0.802,-0.153,1,0,0
0.1265,0.802,-0.148,1,0,0
0.1265,0.802,-0.143,1,0,0
0.1265,0.802,-0.138,1,0,0
0.1265,0.802,-0.133,1,0,0
0.1265,0.802,-0.128,1,0,0
0.1265,0.802,-0.123,1,0,0
0.1265,0.802,-0.118,1,0,0
0.1265,0.802,-0.113,1,0,0
0.1315,0.802,-0.158,1,0,0
0.1315,0.802,-0.153,1,0,0
0.1315,0.802,-0.148,1,0,0
0.1315,0.802,-0.143,1,0,0
0.1315,0.802,-0.138,1,0,0
0.1315,0.802,-0.133,1,0,0
0.1315,0.802,-0.128,1,0,0
0.1315,0.802,-0.123,1,0,0
0.1315,0.802,-0.118,1,0,0
0.1315,0.802,-0.113,1,0,0
0.1365,0.802,-0.158,1,0,0
0.1365,0.802,-0.153,1,0,0
0.1365,0.802,-0.148,1,0,0
0.1365,0.802,-0.143,1,0,0
0.1365,0.802,-0.138,1,0,0
0.1365,0.802,-0.133,1,0,0
0.1365,0.802,-0.128,1,0,0
0.1365,0.802,-0.123,1,0,0
0.1365,0.802,-0.118,1,0,0
0.1365,0.802,-0.113,1,0,0
0.1415,0.802,-0.158,1,0,0
0.1415,0.802,-0.153,1,0,0
0.1415,0.802,-0.148,1,0,0
0.1415,0.802,-0.143,1,0,0
0.1415,0.802,-0.138,1,0,0
0.1415,0.802,-0.133,1,0,0
0.1415,0.802,-0.128,1,0,0
0.1415,0.802,-0.123,1,0,0
0.1415,0.802,-0.118,1,0,0
0.1415,0.802,-0.113,1,0,0
0.1465,0.802,-0.158,1,0,0
0.1465,0.802,-0.153,1,0,0
0.1465,0.802,-0.148,1,0,0
0.1465,0.802,-0.143,1,0,0
0.1465,0.802,-0.138,1,0,0
0.1465,0.802,-0.133,1,0,0
0.1465,0.802,-0.128,1,0,0
0.1465,0.802,-0.123,1,0,0
0.1465,0.802,-0.118,1,0,0
0.1465,0.802,-0.113,1,0,0
0.1515,0.802,-0.158,1,0,0
0.1515,0.802,-0.153,1,0,0
0.1515,0.802,-0.148,1,0,0
0.1515,0.802,-0.143,1,0,0
0.1515,0.802,-0.138,1,0,0
0.1515,0.802,-0.133,1,0,0
0.1515,0.802,-0.128,1,0,0
0.1515,0.802,-0.123,1,0,0
0.1515,0.802,-0.118,1,0,0
0.1515,0.802,-0.113,1,0,0
0.1565,0.802,-0.158,1,0,0
0.1565,0.802,-0.153,1,0,0
0.1565,0.802,-0.148,1,0,0
0.1565,0.802,-0.143,1,0,0
0.1565,0.802,-0.138,1,0,0
0.1565,0.802,-0.133,1,0,0
0.1565,0.802,-0.128,1,0,0
0.1565,0.802,-0.123,1,0,0
0.1565,0.802,-0.118,1,0,0
0.1565,0.802,-0.113,1,0,0
0.1615,0.802,-0.158,1,0,0
0.1615,0.802,-0.153,1,0,0
0.1615,0.802,-0.148,1,0,0
0.1615,0.802,-0.143,1,0,0
0.1615,0.802,-0.138,1,0,0
0.1615,0.802,-0.133,1,0,0
0.1615,0.802,-0.128,1,0,0
0.1615,0.802,-0.123,1,0,0
0.1615,0.802,-0.118,1,0,0
0.1615,0.802,-0.113,1,0,0
0.1665,0.802,-0.158,1,0,0
0.1665,0.802,-0.153,1,0,0
0.1665,0.802,-0.148,1,0,0
0.1665,0.802,-0.143,1,0,0
0.1665,0.802,-0.138,1,0,0
0.1665,0.802,-0.133,1,0,0
0.1665,0.802,-0.128,1,0,0
0.1665,0.802,-0.123,1,0,0
0.1665,0.802,-0.118,1,0,0
0.1665,0.802,-0.113,1,0,0
0.0515,0.807,-0.158,1,0,0
0.0515,0.807,-0.153,1,0,0
0.0515,0.807,-0.148,1,0,0
0.0515,0.807,-0.143,1,0,0
0.0515,0.807,-0.138,1,0,0
0.0515,0.807,-0.133,1,0,0
0.0515,0.807,-0.128,1,0,0
0.0515,0.807,-0.123,1,0,0
0.0515,0.807,-0.118,1,0,0
0.0515,0.807,-0.113,1,0,0
0.0565,0.807,-0.158,1,0,0
0.0565,0.807,-0.153,1,0,0
0.0565,0.807,-0.148,1,0,0
0.0565,0.807,-0.143,1,0,0
0.0565,0.807,-0.138,1,0,0
0.0565,0.807,-0.133,1,0,0
0.0565,0.807,-0.128,1,0,0
0.0565,0.807,-0.123,1,0,0
0.0565,0.807,-0.118,1,0,0
0.0565,0.807,-0.113,1,0,0
0.0615,0.807,-0.158,1,0,0
0.0615,0.807,-0.153,1,0,0
0.0615,0.807,-0.148,1,0,0
0.0615,0.807,-0.143,1,0,0
0.0615,0.807,-0.138,1,0,0
0.0615,0.807,-0.133,1,0,0
0.0615,0.807,-0.128,1,0,0
0.0615,0.807,-0.123,1,0,0
0.0615,0.807,-0.118,1,0,0
0.0615,0.807,-0.113,1,0,0
0.0665,0.807,-0.158,1,0,0
0.0665,0.807,-0.153,1,0,0
0.0665,0.807,-0.148,1,0,0
0.0665,0.807,-0.143,1,0,0
0.0665,0.807,-0.138,1,0,0
0.0665,0.807,-0.133,1,0,0
0.0665,0.807,-0.128,1,0,0
0.0665,0.807,-0.123,1,0,0
0.0665,0.807,-0.118,1,0,0
0.0665,0.807,-0.113,1,0,0
0.0715,0.807,-0.158,1,0,0
0.0715,0.807,-0.153,1,0,0
0.0715,0.807,-0.148,1,0,0
0.0715,0.807,-0.143,1,0,0
0.0715,0.807,-0.138,1,0,0
0.0715,0.807,-0.133,1,0,0
0.0715,0.807,-0.128,1,0,0
0.0715,0.807,-0.123,1,0,0
0.0715,0.807,-0.118,1,0,0
0.0715,0.807,-0.113,1,0,0
0.0765,0.807,-0.158,1,0,0
0.0765,0.807,-0.153,1,0,0
0.0765,0.807,-0.148,1,0,0
0.0765,0.807,-0.143,1,0,0
0.0765,0.807,-0.138,1,0,0
0.0765,0.807,-0.133,1,0,0
0.0765,0.807,-0.128,1,0,0
0.0765,0.807,-0.123,1,0,0
0.0765,0.807,-0.118,1,0,0
0.0765,0.807,-0.113,1,0,0
0.0815,0.807,-0.158,1,0,0
0.0815,0.807,-0.153,1,0,0
0.0815,0.807,-0.148,1,0,0
0.0815,0.807,-0.143,1,0,0
0.0815,0.807,-0.138,1,0,0
0.0815,0.807,-0.133,1,0,0
0.0815,0.807,-0.128,1,0,0
0.0815,0.807,-0.123,1,0,0
0.0815,0.807,-0.118,1,0,0
0.0815,0.807,-0.113,1,0,0
0.0865,0.807,-0.158,1,0,0
0.0865,0.807,-0.153,1,0,0
0.0865,0.807,-0.148,1,0,0
0.0865,0.807,-0.143,1,0,0
0.0865,0.807,-0.138,1,0,0
0.0865,0.807,-0.133,1,0,0
0.0865,0.807,-0.128,1,0,0
0.0865,0.807,-0.123,1,0,0
0.0865,0.807,-0.118,1,0,0
0.0865,0.807,-0.113,1,0,0
0.0915,0.807,-0.158,1,0,0
0.0915,0.807,-0.153,1,0,0
0.0915,0.807,-0.148,1,0,0
0.0915,0.807,-0.143,1,0,0
0.0915,0.807,-0.138,1,0,0
0.0915,0.807,-0.133,1,0,0
0.0915,0.807,-0.128,1,0,0
0.0915,0.807,-0.123,1,0,0
0.0915,0.807,-0.118,1,0,0
0.0915,0.807,-0.113,1,0,0
0.0965,0.807,-0.158,1,0,0
0.0965,0.807,-0.153,1,0,0
0.0965,0.807,-0.148,1,0,0
0.0965,0.807,-0.143,1,0,0
0.0965,0.807,-0.138,1,0,0
0.0965,0.807,-0.133,1,0,0
0.0965,0.807,-0.128,1,0,0
0.0965,0.807,-0.123,1,0,0
0.0965,0.807,-0.118,1,0,0
0.0965,0.807,-0.113,1,0,0
0.1015,0.807,-0.158,1,0,0
0.1015,0.807,-0.153,1,0,0
0.1015,0.807,-0.148,1,0,0
0.1015,0.807,-0.143,1,0,0
0.1015,0.807,-0.138,1,0,0
0.1015,0.807,-0.133,1,0,0
0.1015,0.807,-0.128,1,0,0
0.1015,0.807,-0.123,1,0,0
0.1015,0.807,-0.118,1,0,0
0.1015,0.807,-0.113,1,0,0
0.1065,0.807,-0.158,1,0,0
0.1065,0.807,-0.153,1,0,0
0.1065,0.807,-0.148,1,0,0
0.1065,0.807,-0.143,1,0,0
0.1065,0.807,-0.138,1,0,0
0.1065,0.807,-0.133,1,0,0
0.1065,0.807,-0.128,1,0,0
0.1065,0.807,-0.123,1,0,0
0.1065,0.807,-0.118,1,0,0
0.1065,0.807,-0.113,1,0,0
0.1115,0.807,-0.158,1,0,0
0.1115,0.807,-0.153,1,0,0
0.1115,0.807,-0.148,1,0,0
0.1115,0.807,-0.143,1,0,0
0.1115,0.807,-0.138,1,0,0
0.1115,0.807,-0.133,1,0,0
0.1115,0.807,-0.128,1,0,0
0.1115,0.807,-0.123,1,0,0
0.1115,0.807,-0.118,1,0,0
0.1115,0.807,-0.113,1,0,0
0.1165,0.807,-0.158,1,0,0
0.1165,0.807,-0.153,1,0,0
0.1165,0.807,-0.148,1,0,0
0.1165,0.807,-0.143,1,0,0
0.1165,0.807,-0.138,1,0,0
0.1165,0.807,-0.133,1,0,0
0.1165,0.807,-0.128,1,0,0
0.1165,0.807,-0.123,1,0,0
0.1165,0.807,-0.118,1,0,0
0.1165,0.807,-0.113,1,0,0
0.1215,0.807,-0.158,1,0,0
0.1215,0.807,-0.153,1,0,0
0.1215,0.807,-0.148,1,0,0
0.1215,0.807,-0.143,1,0,0
0.1215,0.807,-0.138,1,0,0
0.1215,0.807,-0.133,1,0,0
0.1215,0.807,-0.128,1,0,0
0.1215,0.807,-0.123,1,0,0
0.1215,0.807,-0.118,1,0,0
0.1215,0.807,-0.113,1,0,0
0.1265,0.807,-0.158,1,0,0
0.1265,0.807,-0.153,1,0,0
0.1265,0.807,-0.148,1,0,0
0.1265,0.807,-0.143,1,0,0
0.1265,0.807,-0.138,1,0,0
0.1265,0.807,-0.133,1,0,0
0.1265,0.807,-0.128,1,0,0
0.1265,0.807,-0.123,1,0,0
0.1265,0.807,-0.118,1,0,0
0.1265,0.807,-0.113,1,0,0
0.1315,0.807,-0.158,1,0,0
0.1315,0.807,-0.153,1,0,0
0.1315,0.807,-0.148,1,0,0
0.1315,0.807,-0.143,1,0,0
0.1315,0.807,-0.138,1,0,0
0.1315,0.807,-0.133,1,0,0
0.1315,0.807,-0.128,1,0,0
0.1315,0.807,-0.123,1,0,0
0.1315,0.807,-0.118,1,0,0
0.1315,0.807,-0.113,1,0,0
0.1365,0.807,-0.158,1,0,0
0.1365,0.807,-0.153,1,0,0
0.1365,0.807,-0.148,1,0,0
0.1365,0.807,-0.143,1,0,0
0.1365,0.807,-0.138,1,0,0
0.1365,0.807,-0.133,1,0,0
0.1365,0.807,-0.128,1,0,0
0.1365,0.807,-0.123,1,0,0
0.1365,0.807,-0.118,1,0,0
0.1365,0.807,-0.113,1,0,0
0.1415,0.807,-0.158,1,0,0
0.1415,0.807,-0.153,1,0,0
0.1415,0.807,-0.148,1,0,0
0.1415,0.807,-0.143,1,0,0
0.1415,0.807,-0.138,1,0,0
0.1415,0.807,-0.133,1,0,0
0.1415,0.807,-0.128,1,0,0
0.1415,0.807,-0.123,1,0,0
0.1415,0.807,-0.118,1,0,0
0.1415,0.807,-0.113,1,0,0
0.1465,0.807,-0.158,1,0,0
0.1465,0.807,-0.153,1,0,0
0.1465,0.807,-0.148,1,0,0
0.1465,0.807,-0.143,1,0,0
0.1465,0.807,-0.138,1,0,0
0.1465,0.807,-0.133,1,0,0
0.1465,0.807,-0.128,1,0,0
0.1465,0.807,-0.123,1,0,0
0.1465,0.807,-0.118,1,0,0
0.1465,0.807,-0.113,1,0,0
0.1515,0.807,-0.158,1,0,0
0.1515,0.807,-0.153,1,0,0
0.1515,0.807,-0.148,1,0,0
0.1515,0.807,-0.143,1,0,0
0.1515,0.807,-0.138,1,0,0
0.1515,0.807,-0.133,1,0,0
0.1515,0.807,-0.128,1,0,0
0.1515,0.807,-0.123,1,0,0
0.1515,0.807,-0.118,1,0,0
0.1515,0.807,-0.113,1,0,0
