x,y,z,cos_pitch,cos_yaw
0.19,0.633,-0.0785,0.9396926207859084,-1.0
0.19,0.633,-0.0785,0.984807753012208,-1.0
0.19,0.633,-0.0785,1.0,-1.0
0.19,0.633,-0.0785,0.984807753012208,-1.0
0.19,0.633,-0.0785,0.9396926207859084,-1.0
0.19,0.633,-0.0785,1.0,-0.9396926207859083
0.19,0.633,-0.0785,1.0,-0.984807753012208
0.19,0.633,-0.0785,1.0,-1.0
0.19,0.633,-0.0785,1.0,-0.984807753012208
0.19,0.633,-0.0785,1.0,-0.9396926207859083
0.19,0.65,-0.0785,0.9396926207859084,-1.0
0.19,0.65,-0.0785,0.984807753012208,-1.0
0.19,0.65,-0.0785,1.0,-1.0
0.19,0.65,-0.0785,0.984807753012208,-1.0
0.19,0.65,-0.0785,0.9396926207859084,-1.0
0.19,0.65,-0.0785,1.0,-0.9396926207859083
0.19,0.65,-0.0785,1.0,-0.984807753012208
0.19,0.65,-0.0785,1.0,-1.0
0.19,0.65,-0.0785,1.0,-0.984807753012208
0.19,0.65,-0.0785,1.0,-0.9396926207859083
0.19,0.667,-0.0785,0.9396926207859084,-1.0
0.19,0.667,-0.0785,0.984807753012208,-1.0
0.19,0.667,-0.0785,1.0,-1.0
0.19,0.667,-0.0785,0.984807753012208,-1.0
0.19,0.667,-0.0785,0.9396926207859084,-1.0
0.19,0.667,-0.0785,1.0,-0.9396926207859083
0.19,0.667,-0.0785,1.0,-0.984807753012208
0.19,0.667,-0.0785,1.0,-1.0
0.19,0.667,-0.0785,1.0,-0.984807753012208
0.19,0.667,-0.0785,1.0,-0.9396926207859083
0.19,0.684,-0.0785,0.9396926207859084,-1.0
0.19,0.684,-0.0785,0.984807753012208,-1.0
0.19,0.684,-0.0785,1.0,-1.0
0.19,0.684,-0.0785,0.984807753012208,-1.0
0.19,0.684,-0.0785,0.9396926207859084,-1.0
0.19,0.684,-0.0785,1.0,-0.9396926207859083
0.19,0.684,-0.0785,1.0,-0.984807753012208
0.19,0.684,-0.0785,1.0,-1.0
0.19,0.684,-0.0785,1.0,-0.984807753012208
0.19,0.684,-0.0785,1.0,-0.9396926207859083
0.19,0.701,-0.0785,0.9396926207859084,-1.0
0.19,0.701,-0.0785,0.984807753012208,-1.0
0.19,0.701,-0.0785,1.0,-1.0
0.19,0.701,-0.0785,0.984807753012208,-1.0
0.19,0.701,-0.0785,0.9396926207859084,-1.0
0.19,0.701,-0.0785,1.0,-0.9396926207859083
0.19,0.701,-0.0785,1.0,-0.984807753012208
0.19,0.701,-0.0785,1.0,-1.0
0.19,0.701,-0.0785,1.0,-0.984807753012208
0.19,0.701,-0.0785,1.0,-0.9396926207859083
0.19,0.718,-0.0785,0.9396926207859084,-1.0
0.19,0.718,-0.0785,0.984807753012208,-1.0
0.19,0.718,-0.0785,1.0,-1.0
0.19,0.718,-0.0785,0.984807753012208,-1.0
0.19,0.718,-0.0785,0.9396926207859084,-1.0
0.19,0.718,-0.0785,1.0,-0.9396926207859083
0.19,0.718,-0.0785,1.0,-0.984807753012208
0.19,0.718,-0.0785,1.0,-1.0
0.19,0.718,-0.0785,1.0,-0.984807753012208
0.19,0.718,-0.0785,1.0,-0.9396926207859083
0.19,0.735,-0.0785,0.9396926207859084,-1.0
0.19,0.735,-0.0785,0.984807753012208,-1.0
0.19,0.735,-0.0785,1.0,-1.0
0.19,0.735,-0.0785,0.984807753012208,-1.0
0.19,0.735,-0.0785,0.9396926207859084,-1.0
0.19,0.735,-0.0785,1.0,-0.9396926207859083
0.19,0.735,-0.0785,1.0,-0.984807753012208
0.19,0.735,-0.0785,1.0,-1.0
0.19,0.735,-0.0785,1.0,-0.984807753012208
0.19,0.735,-0.0785,1.0,-0.9396926207859083
0.207,0.633,-0.0785,0.9396926207859084,-1.0
0.207,0.633,-0.0785,0.984807753012208,-1.0
0.207,0.633,-0.0785,1.0,-1.0
0.207,0.633,-0.0785,0.984807753012208,-1.0
0.207,0.633,-0.0785,0.9396926207859084,-1.0
0.207,0.633,-0.0785,1.0,-0.9396926207859083
0.207,0.633,-0.0785,1.0,-0.984807753012208
0.207,0.633,-0.0785,1.0,-1.0
0.207,0.633,-0.0785,1.0,-0.984807753012208
0.207,0.633,-0.0785,1.0,-0.9396926207859083
0.207,0.65,-0.0785,0.9396926207859084,-1.0
0.207,0.65,-0.0785,0.984807753012208,-1.0
0.207,0.65,-0.0785,1.0,-1.0
0.207,0.65,-0.0785,0.984807753012208,-1.0
0.207,0.65,-0.0785,0.9396926207859084,-1.0
0.207,0.65,-0.0785,1.0,-0.9396926207859083
0.207,0.65,-0.0785,1.0,-0.984807753012208
0.207,0.65,-0.0785,1.0,-1.0
0.207,0.65,-0.0785,1.0,-0.984807753012208
0.207,0.65,-0.0785,1.0,-0.9396926207859083
0.207,0.667,-0.0785,0.9396926207859084,-1.0
0.207,0.667,-0.0785,0.984807753012208,-1.0
0.207,0.667,-0.0785,1.0,-1.0
0.207,0.667,-0.0785,0.984807753012208,-1.0
0.207,0.667,-0.0785,0.9396926207859084,-1.0
0.207,0.667,-0.0785,1.0,-0.9396926207859083
0.207,0.667,-0.0785,1.0,-0.984807753012208
0.207,0.667,-0.0785,1.0,-1.0
0.207,0.667,-0.0785,1.0,-0.984807753012208
0.207,0.667,-0.0785,1.0,-0.9396926207859083
0.207,0.684,-0.0785,0.9396926207859084,-1.0
0.207,0.684,-0.0785,0.984807753012208,-1.0
0.207,0.684,-0.0785,1.0,-1.0
0.207,0.684,-0.0785,0.984807753012208,-1.0
0.207,0.684,-0.0785,0.9396926207859084,-1.0
0.207,0.684,-0.0785,1.0,-0.9396926207859083
0.207,0.684,-0.0785,1.0,-0.984807753012208
0.207,0.684,-0.0785,1.0,-1.0
0.207,0.684,-0.0785,1.0,-0.984807753012208
0.207,0.684,-0.0785,1.0,-0.9396926207859083
0.207,0.701,-0.0785,0.9396926207859084,-1.0
0.207,0.701,-0.0785,0.984807753012208,-1.0
0.207,0.701,-0.0785,1.0,-1.0
0.207,0.701,-0.0785,0.984807753012208,-1.0
0.207,0.701,-0.0785,0.9396926207859084,-1.0
0.207,0.701,-0.0785,1.0,-0.9396926207859083
0.207,0.701,-0.0785,1.0,-0.984807753012208
0.207,0.701,-0.0785,1.0,-1.0
0.207,0.701,-0.0785,1.0,-0.984807753012208
0.207,0.701,-0.0785,1.0,-0.9396926207859083
0.207,0.718,-0.0785,0.9396926207859084,-1.0
0.207,0.718,-0.0785,0.984807753012208,-1.0
0.207,0.718,-0.0785,1.0,-1.0
0.207,0.718,-0.0785,0.9396926207859084,-1.0
0.207,0.718,-0.0785,1.0,-0.9396926207859083
0.207,0.718,-0.0785,1.0,-0.984807753012208
0.207,0.718,-0.0785,1.0,-1.0
0.207,0.718,-0.0785,1.0,-0.984807753012208
0.207,0.718,-0.0785,1.0,-0.9396926207859083
0.207,0.735,-0.0785,0.9396926207859084,-1.0
0.207,0.735,-0.0785,0.984807753012208,-1.0
0.207,0.735,-0.0785,1.0,-1.0
0.207,0.735,-0.0785,0.984807753012208,-1.0
0.207,0.735,-0.0785,0.9396926207859084,-1.0
0.207,0.735,-0.0785,1.0,-0.9396926207859083
0.207,0.735,-0.0785,1.0,-0.984807753012208
0.207,0.735,-0.0785,1.0,-1.0
0.207,0.735,-0.0785,1.0,-0.984807753012208
0.207,0.735,-0.0785,1.0,-0.9396926207859083
0.224,0.633,-0.0785,0.9396926207859084,-1.0
0.224,0.633,-0.0785,0.984807753012208,-1.0
0.224,0.633,-0.0785,1.0,-1.0
0.224,0.633,-0.0785,0.984807753012208,-1.0
0.224,0.633,-0.0785,0.9396926207859084,-1.0
0.224,0.633,-0.0785,1.0,-0.9396926207859083
0.224,0.633,-0.0785,1.0,-0.984807753012208
0.224,0.633,-0.0785,1.0,-1.0
0.224,0.633,-0.0785,1.0,-0.984807753012208
0.224,0.633,-0.0785,1.0,-0.9396926207859083
0.224,0.65,-0.0785,0.9396926207859084,-1.0
0.224,0.65,-0.0785,0.984807753012208,-1.0
0.224,0.65,-0.0785,1.0,-1.0
0.224,0.65,-0.0785,0.984807753012208,-1.0
0.224,0.65,-0.0785,0.9396926207859084,-1.0
0.224,0.65,-0.0785,1.0,-0.9396926207859083
0.224,0.65,-0.0785,1.0,-0.984807753012208
0.224,0.65,-0.0785,1.0,-1.0
0.224,0.65,-0.0785,1.0,-0.984807753012208
0.224,0.65,-0.0785,1.0,-0.9396926207859083
0.224,0.667,-0.0785,0.9396926207859084,-1.0
0.224,0.667,-0.0785,0.984807753012208,-1.0
0.224,0.667,-0.0785,1.0,-1.0
0.224,0.667,-0.0785,0.984807753012208,-1.0
0.224,0.667,-0.0785,0.9396926207859084,-1.0
0.224,0.667,-0.0785,1.0,-0.9396926207859083
0.224,0.667,-0.0785,1.0,-0.984807753012208
0.224,0.667,-0.0785,1.0,-1.0
0.224,0.667,-0.0785,1.0,-0.984807753012208
0.224,0.667,-0.0785,1.0,-0.9396926207859083
0.224,0.684,-0.0785,0.9396926207859084,-1.0
0.224,0.684,-0.0785,0.984807753012208,-1.0
0.224,0.684,-0.0785,1.0,-1.0
0.224,0.684,-0.0785,0.984807753012208,-1.0
0.224,0.684,-0.0785,0.9396926207859084,-1.0
0.224,0.684,-0.0785,1.0,-0.9396926207859083
0.224,0.684,-0.0785,1.0,-0.984807753012208
0.224,0.684,-0.0785,1.0,-1.0
0.224,0.684,-0.0785,1.0,-0.984807753012208
0.224,0.684,-0.0785,1.0,-0.9396926207859083
0.224,0.701,-0.0785,0.9396926207859084,-1.0
0.224,0.701,-0.0785,0.984807753012208,-1.0
0.224,0.701,-0.0785,1.0,-1.0
0.224,0.701,-0.0785,0.984807753012208,-1.0
0.224,0.701,-0.0785,0.9396926207859084,-1.0
0.224,0.701,-0.0785,1.0,-0.9396926207859083
0.224,0.701,-0.0785,1.0,-0.984807753012208
0.224,0.701,-0.0785,1.0,-1.0
0.224,0.701,-0.0785,1.0,-0.984807753012208
0.224,0.701,-0.0785,1.0,-0.9396926207859083
0.224,0.718,-0.0785,0.9396926207859084,-1.0
0.224,0.718,-0.0785,0.984807753012208,-1.0
0.224,0.718,-0.0785,1.0,-1.0
0.224,0.718,-0.0785,0.984807753012208,-1.0
0.224,0.718,-0.0785,0.9396926207859084,-1.0
0.224,0.718,-0.0785,1.0,-0.9396926207859083
0.224,0.718,-0.0785,1.0,-0.984807753012208
0.224,0.718,-0.0785,1.0,-1.0
0.224,0.718,-0.0785,1.0,-0.984807753012208
0.224,0.718,-0.0785,1.0,-0.9396926207859083
0.224,0.735,-0.0785,0.9396926207859084,-1.0
0.224,0.735,-0.0785,0.984807753012208,-1.0
0.224,0.735,-0.0785,1.0,-1.0
0.224,0.735,-0.0785,0.984807753012208,-1.0
0.224,0.735,-0.0785,0.9396926207859084,-1.0
0.224,0.735,-0.0785,1.0,-0.9396926207859083
0.224,0.735,-0.0785,1.0,-0.984807753012208
0.224,0.735,-0.0785,1.0,-1.0
0.224,0.735,-0.0785,1.0,-0.984807753012208
0.224,0.735,-0.0785,1.0,-0.9396926207859083
0.241,0.633,-0.0785,0.9396926207859084,-1.0
0.241,0.633,-0.0785,0.984807753012208,-1.0
0.241,0.633,-0.0785,1.0,-1.0
0.241,0.633,-0.0785,0.984807753012208,-1.0
0.241,0.633,-0.0785,0.9396926207859084,-1.0
0.241,0.633,-0.0785,1.0,-0.9396926207859083
0.241,0.633,-0.0785,1.0,-0.984807753012208
0.241,0.633,-0.0785,1.0,-1.0
0.241,0.633,-0.0785,1.0,-0.984807753012208
0.241,0.633,-0.0785,1.0,-0.9396926207859083
0.241,0.65,-0.0785,0.9396926207859084,-1.0
0.241,0.65,-0.0785,0.984807753012208,-1.0
0.241,0.65,-0.0785,1.0,-1.0
0.241,0.65,-0.0785,0.984807753012208,-1.0
0.241,0.65,-0.0785,0.9396926207859084,-1.0
0.241,0.65,-0.0785,1.0,-0.9396926207859083
0.241,0.65,-0.0785,1.0,-0.984807753012208
0.241,0.65,-0.0785,1.0,-1.0
0.241,0.65,-0.0785,1.0,-0.984807753012208
0.241,0.65,-0.0785,1.0,-0.9396926207859083
0.241,0.667,-0.0785,0.9396926207859084,-1.0
0.241,0.667,-0.0785,0.984807753012208,-1.0
0.241,0.667,-0.0785,1.0,-1.0
0.241,0.667,-0.0785,0.984807753012208,-1.0
0.241,0.667,-0.0785,0.9396926207859084,-1.0
0.241,0.667,-0.0785,1.0,-0.9396926207859083
0.241,0.667,-0.0785,1.0,-0.984807753012208
0.241,0.667,-0.0785,1.0,-1.0
0.241,0.667,-0.0785,1.0,-0.984807753012208
0.241,0.667,-0.0785,1.0,-0.9396926207859083
0.241,0.684,-0.0785,0.9396926207859084,-1.0
0.241,0.684,-0.0785,0.984807753012208,-1.0
0.241,0.684,-0.0785,1.0,-1.0
0.241,0.684,-0.0785,0.984807753012208,-1.0
0.241,0.684,-0.0785,0.9396926207859084,-1.0
0.241,0.684,-0.0785,1.0,-0.9396926207859083
0.241,0.684,-0.0785,1.0,-0.984807753012208
0.241,0.684,-0.0785,1.0,-1.0
0.241,0.684,-0.0785,1.0,-0.984807753012208
0.241,0.684,-0.0785,1.0,-0.9396926207859083
0.241,0.701,-0.0785,0.9396926207859084,-1.0
0.241,0.701,-0.0785,0.984807753012208,-1.0
0.241,0.701,-0.0785,1.0,-1.0
0.241,0.701,-0.0785,0.984807753012208,-1.0
0.241,0.701,-0.0785,0.9396926207859084,-1.0
0.241,0.701,-0.0785,1.0,-0.9396926207859083
0.241,0.701,-0.0785,1.0,-0.984807753012208
0.241,0.701,-0.0785,1.0,-1.0
0.241,0.701,-0.0785,1.0,-0.984807753012208
0.241,0.701,-0.0785,1.0,-0.9396926207859083
0.241,0.718,-0.0785,0.9396926207859084,-1.0
0.241,0.718,-0.0785,0.984807753012208,-1.0
0.241,0.718,-0.0785,1.0,-1.0
0.241,0.718,-0.0785,0.984807753012208,-1.0
0.241,0.718,-0.0785,0.9396926207859084,-1.0
0.241,0.718,-0.0785,1.0,-0.9396926207859083
0.241,0.718,-0.0785,1.0,-0.984807753012208
0.241,0.718,-0.0785,1.0,-1.0
0.241,0.718,-0.0785,1.0,-0.984807753012208
0.241,0.718,-0.0785,1.0,-0.9396926207859083
0.241,0.735,-0.0785,0.9396926207859084,-1.0
0.241,0.735,-0.0785,0.984807753012208,-1.0
0.241,0.735,-0.0785,1.0,-1.0
0.241,0.735,-0.0785,0.984807753012208,-1.0
0.241,0.735,-0.0785,0.9396926207859084,-1.0
0.241,0.735,-0.0785,1.0,-0.9396926207859083
0.241,0.735,-0.0785,1.0,-0.984807753012208
0.241,0.735,-0.0785,1.0,-1.0
0.241,0.735,-0.0785,1.0,-0.984807753012208
0.241,0.735,-0.0785,1.0,-0.9396926207859083
0.258,0.633,-0.0785,0.9396926207859084,-1.0
0.258,0.633,-0.0785,0.984807753012208,-1.0
0.258,0.633,-0.0785,1.0,-1.0
0.258,0.633,-0.0785,0.984807753012208,-1.0
0.258,0.633,-0.0785,0.9396926207859084,-1.0
0.258,0.633,-0.0785,1.0,-0.9396926207859083
0.258,0.633,-0.0785,1.0,-0.984807753012208
0.258,0.633,-0.0785,1.0,-1.0
0.258,0.633,-0.0785,1.0,-0.984807753012208
0.258,0.633,-0.0785,1.0,-0.9396926207859083
0.258,0.65,-0.0785,0.9396926207859084,-1.0
0.258,0.65,-0.0785,0.984807753012208,-1.0
0.258,0.65,-0.0785,1.0,-1.0
0.258,0.65,-0.0785,0.984807753012208,-1.0
0.258,0.65,-0.0785,0.9396926207859084,-1.0
0.258,0.65,-0.0785,1.0,-0.9396926207859083
0.258,0.65,-0.0785,1.0,-0.984807753012208
0.258,0.65,-0.0785,1.0,-1.0
0.258,0.65,-0.0785,1.0,-0.984807753012208
0.258,0.65,-0.0785,1.0,-0.9396926207859083
0.258,0.667,-0.0785,0.9396926207859084,-1.0
0.258,0.667,-0.0785,0.984807753012208,-1.0
0.258,0.667,-0.0785,1.0,-1.0
0.258,0.667,-0.0785,0.984807753012208,-1.0
0.258,0.667,-0.0785,0.9396926207859084,-1.0
0.258,0.667,-0.0785,1.0,-0.9396926207859083
0.258,0.667,-0.0785,1.0,-0.984807753012208
0.258,0.667,-0.0785,1.0,-1.0
0.258,0.667,-0.0785,1.0,-0.984807753012208
0.258,0.667,-0.0785,1.0,-0.9396926207859083
0.258,0.684,-0.0785,0.9396926207859084,-1.0
0.258,0.684,-0.0785,0.984807753012208,-1.0
0.258,0.684,-0.0785,1.0,-1.0
0.258,0.684,-0.0785,0.984807753012208,-1.0
0.258,0.684,-0.0785,0.9396926207859084,-1.0
0.258,0.684,-0.0785,1.0,-0.9396926207859083
0.258,0.684,-0.0785,1.0,-0.984807753012208
0.258,0.684,-0.0785,1.0,-1.0
0.258,0.684,-0.0785,1.0,-0.984807753012208
0.258,0.684,-0.0785,1.0,-0.9396926207859083
0.258,0.701,-0.0785,0.9396926207859084,-1.0
0.258,0.701,-0.0785,0.984807753012208,-1.0
0.258,0.701,-0.0785,1.0,-1.0
0.258,0.701,-0.0785,0.984807753012208,-1.0
0.258,0.701,-0.0785,0.9396926207859084,-1.0
0.258,0.701,-0.0785,1.0,-0.9396926207859083
0.258,0.701,-0.0785,1.0,-0.984807753012208
0.258,0.701,-0.0785,1.0,-1.0
0.258,0.701,-0.0785,1.0,-0.984807753012208
0.258,0.701,-0.0785,1.0,-0.9396926207859083
0.258,0.718,-0.0785,0.9396926207859084,-1.0
0.258,0.718,-0.0785,0.984807753012208,-1.0
0.258,0.718,-0.0785,1.0,-1.0
0.258,0.718,-0.0785,0.984807753012208,-1.0
0.258,0.718,-0.0785,0.9396926207859084,-1.0
0.258,0.718,-0.0785,1.0,-0.9396926207859083
0.258,0.718,-0.0785,1.0,-0.984807753012208
0.258,0.718,-0.0785,1.0,-1.0
0.258,0.718,-0.0785,1.0,-0.984807753012208
0.258,0.718,-0.0785,1.0,-0.9396926207859083
0.258,0.735,-0.0785,0.9396926207859084,-1.0
0.258,0.735,-0.0785,0.984807753012208,-1.0
0.258,0.735,-0.0785,1.0,-1.0
0.258,0.735,-0.0785,0.984807753012208,-1.0
0.258,0.735,-0.0785,0.9396926207859084,-1.0
0.258,0.735,-0.0785,1.0,-0.9396926207859083
0.258,0.735,-0.0785,1.0,-0.984807753012208
0.258,0.735,-0.0785,1.0,-1.0
0.258,0.735,-0.0785,1.0,-0.984807753012208
0.258,0.735,-0.0785,1.0,-0.9396926207859083
0.275,0.633,-0.0785,0.9396926207859084,-1.0
0.275,0.633,-0.0785,0.984807753012208,-1.0
0.275,0.633,-0.0785,1.0,-1.0
0.275,0.633,-0.0785,0.984807753012208,-1.0
0.275,0.633,-0.0785,0.9396926207859084,-1.0
0.275,0.633,-0.0785,1.0,-0.9396926207859083
0.275,0.633,-0.0785,1.0,-0.984807753012208
0.275,0.633,-0.0785,1.0,-1.0
0.275,0.633,-0.0785,1.0,-0.984807753012208
0.275,0.633,-0.0785,1.0,-0.9396926207859083
0.275,0.65,-0.0785,0.9396926207859084,-1.0
0.275,0.65,-0.0785,0.984807753012208,-1.0
0.275,0.65,-0.0785,1.0,-1.0
0.275,0.65,-0.0785,0.984807753012208,-1.0
0.275,0.65,-0.0785,0.9396926207859084,-1.0
0.275,0.65,-0.0785,1.0,-0.9396926207859083
0.275,0.65,-0.0785,1.0,-0.984807753012208
0.275,0.65,-0.0785,1.0,-1.0
0.275,0.65,-0.0785,1.0,-0.984807753012208
0.275,0.65,-0.0785,1.0,-0.9396926207859083
0.275,0.667,-0.0785,0.9396926207859084,-1.0
0.275,0.667,-0.0785,0.984807753012208,-1.0
0.275,0.667,-0.0785,1.0,-1.0
0.275,0.667,-0.0785,0.984807753012208,-1.0
0.275,0.667,-0.0785,0.9396926207859084,-1.0
0.275,0.667,-0.0785,1.0,-0.9396926207859083
0.275,0.667,-0.0785,1.0,-0.984807753012208
0.275,0.667,-0.0785,1.0,-1.0
0.275,0.667,-0.0785,1.0,-0.984807753012208
0.275,0.667,-0.0785,1.0,-0.9396926207859083
0.275,0.684,-0.0785,0.9396926207859084,-1.0
0.275,0.684,-0.0785,0.984807753012208,-1.0
0.275,0.684,-0.0785,1.0,-1.0
0.275,0.684,-0.0785,0.984807753012208,-1.0
0.275,0.684,-0.0785,0.9396926207859084,-1.0
0.275,0.684,-0.0785,1.0,-0.9396926207859083
0.275,0.684,-0.0785,1.0,-0.984807753012208
0.275,0.684,-0.0785,1.0,-1.0
0.275,0.684,-0.0785,1.0,-0.984807753012208
0.275,0.684,-0.0785,1.0,-0.9396926207859083
0.275,0.701,-0.0785,0.9396926207859084,-1.0
0.275,0.701,-0.0785,0.984807753012208,-1.0
0.275,0.701,-0.0785,1.0,-1.0
0.275,0.701,-0.0785,0.984807753012208,-1.0
0.275,0.701,-0.0785,0.9396926207859084,-1.0
0.275,0.701,-0.0785,1.0,-0.9396926207859083
0.275,0.701,-0.0785,1.0,-0.984807753012208
0.275,0.701,-0.0785,1.0,-1.0
0.275,0.701,-0.0785,1.0,-0.984807753012208
0.275,0.701,-0.0785,1.0,-0.9396926207859083
0.275,0.718,-0.0785,0.9396926207859084,-1.0
0.275,0.718,-0.0785,0.984807753012208,-1.0
0.275,0.718,-0.0785,1.0,-1.0
0.275,0.718,-0.0785,0.984807753012208,-1.0
0.275,0.718,-0.0785,0.9396926207859084,-1.0
0.275,0.718,-0.0785,1.0,-0.9396926207859083
0.275,0.718,-0.0785,1.0,-0.984807753012208
0.275,0.718,-0.0785,1.0,-1.0
0.275,0.718,-0.0785,1.0,-0.984807753012208
0.275,0.718,-0.0785,1.0,-0.9396926207859083
0.275,0.735,-0.0785,0.9396926207859084,-1.0
0.275,0.735,-0.0785,0.984807753012208,-1.0
0.275,0.735,-0.0785,1.0,-1.0
0.275,0.735,-0.0785,0.984807753012208,-1.0
0.275,0.735,-0.0785,0.9396926207859084,-1.0
0.275,0.735,-0.0785,1.0,-0.9396926207859083
0.275,0.735,-0.0785,1.0,-0.984807753012208
0.275,0.735,-0.0785,1.0,-1.0
0.275,0.735,-0.0785,1.0,-0.984807753012208
0.275,0.735,-0.0785,1.0,-0.9396926207859083
0.292,0.633,-0.0785,0.9396926207859084,-1.0
0.292,0.633,-0.0785,0.984807753012208,-1.0
0.292,0.633,-0.0785,1.0,-1.0
0.292,0.633,-0.0785,0.984807753012208,-1.0
0.292,0.633,-0.0785,0.9396926207859084,-1.0
0.292,0.633,-0.0785,1.0,-0.9396926207859083
0.292,0.633,-0.0785,1.0,-0.984807753012208
0.292,0.633,-0.0785,1.0,-1.0
0.292,0.633,-0.0785,1.0,-0.984807753012208
0.292,0.633,-0.0785,1.0,-0.9396926207859083
0.292,0.65,-0.0785,0.9396926207859084,-1.0
0.292,0.65,-0.0785,0.984807753012208,-1.0
0.292,0.65,-0.0785,1.0,-1.0
0.292,0.65,-0.0785,0.984807753012208,-1.0
0.292,0.65,-0.0785,0.9396926207859084,-1.0
0.292,0.65,-0.0785,1.0,-0.9396926207859083
0.292,0.65,-0.0785,1.0,-0.984807753012208
0.292,0.65,-0.0785,1.0,-1.0
0.292,0.65,-0.0785,1.0,-0.984807753012208
0.292,0.65,-0.0785,1.0,-0.9396926207859083
0.292,0.667,-0.0785,0.9396926207859084,-1.0
0.292,0.667,-0.0785,0.984807753012208,-1.0
0.292,0.667,-0.0785,1.0,-1.0
0.292,0.667,-0.0785,0.984807753012208,-1.0
0.292,0.667,-0.0785,0.9396926207859084,-1.0
0.292,0.667,-0.0785,1.0,-0.9396926207859083
0.292,0.667,-0.0785,1.0,-0.984807753012208
0.292,0.667,-0.0785,1.0,-1.0
0.292,0.667,-0.0785,1.0,-0.984807753012208
0.292,0.667,-0.0785,1.0,-0.9396926207859083
0.292,0.684,-0.0785,0.9396926207859084,-1.0
0.292,0.684,-0.0785,0.984807753012208,-1.0
0.292,0.684,-0.0785,1.0,-1.0
0.292,0.684,-0.0785,0.984807753012208,-1.0
0.292,0.684,-0.0785,0.9396926207859084,-1.0
0.292,0.684,-0.0785,1.0,-0.9396926207859083
0.292,0.684,-0.0785,1.0,-0.984807753012208
0.292,0.684,-0.0785,1.0,-1.0
0.292,0.684,-0.0785,1.0,-0.984807753012208
0.292,0.684,-0.0785,1.0,-0.9396926207859083
0.292,0.701,-0.0785,0.9396926207859084,-1.0
0.292,0.701,-0.0785,0.984807753012208,-1.0
0.292,0.701,-0.0785,1.0,-1.0
0.292,0.701,-0.0785,0.984807753012208,-1.0
0.292,0.701,-0.0785,0.9396926207859084,-1.0
0.292,0.701,-0.0785,1.0,-0.9396926207859083
0.292,0.701,-0.0785,1.0,-0.984807753012208
0.292,0.701,-0.0785,1.0,-1.0
0.292,0.701,-0.0785,1.0,-0.984807753012208
0.292,0.701,-0.0785,1.0,-0.9396926207859083
0.292,0.718,-0.0785,0.9396926207859084,-1.0
0.292,0.718,-0.0785,0.984807753012208,-1.0
0.292,0.718,-0.0785,1.0,-1.0
0.292,0.718,-0.0785,0.984807753012208,-1.0
0.292,0.718,-0.0785,0.9396926207859084,-1.0
0.292,0.718,-0.0785,1.0,-0.9396926207859083
0.292,0.718,-0.0785,1.0,-0.984807753012208
0.292,0.718,-0.0785,1.0,-1.0
0.292,0.718,-0.0785,1.0,-0.984807753012208
0.292,0.718,-0.0785,1.0,-0.9396926207859083
0.292,0.735,-0.0785,0.9396926207859084,-1.0
0.292,0.735,-0.0785,0.984807753012208,-1.0
0.292,0.735,-0.0785,1.0,-1.0
0.292,0.735,-0.0785,0.984807753012208,-1.0
0.292,0.735,-0.0785,0.9396926207859084,-1.0
0.292,0.735,-0.0785,1.0,-0.9396926207859083
0.292,0.735,-0.0785,1.0,-0.984807753012208
0.292,0.735,-0.0785,1.0,-1.0
0.292,0.735,-0.0785,1.0,-0.984807753012208
0.292,0.735,-0.0785,1.0,-0.9396926207859083
0.19,0.633,-0.0685,0.9396926207859084,-1.0
0.19,0.633,-0.0685,0.984807753012208,-1.0
0.19,0.633,-0.0685,1.0,-1.0
0.19,0.633,-0.0685,0.984807753012208,-1.0
0.19,0.633,-0.0685,0.9396926207859084,-1.0
0.19,0.633,-0.0685,1.0,-0.9396926207859083
0.19,0.633,-0.0685,1.0,-0.984807753012208
0.19,0.633,-0.0685,1.0,-1.0
0.19,0.633,-0.0685,1.0,-0.984807753012208
0.19,0.633,-0.0685,1.0,-0.9396926207859083
0.19,0.65,-0.0685,0.9396926207859084,-1.0
0.19,0.65,-0.0685,0.984807753012208,-1.0
0.19,0.65,-0.0685,1.0,-1.0
0.19,0.65,-0.0685,0.984807753012208,-1.0
0.19,0.65,-0.0685,0.9396926207859084,-1.0
0.19,0.65,-0.0685,1.0,-0.9396926207859083
0.19,0.65,-0.0685,1.0,-0.984807753012208
0.19,0.65,-0.0685,1.0,-1.0
0.19,0.65,-0.0685,1.0,-0.984807753012208
0.19,0.65,-0.0685,1.0,-0.9396926207859083
0.19,0.667,-0.0685,0.9396926207859084,-1.0
0.19,0.667,-0.0685,0.984807753012208,-1.0
0.19,0.667,-0.0685,1.0,-1.0
0.19,0.667,-0.0685,0.984807753012208,-1.0
0.19,0.667,-0.0685,0.9396926207859084,-1.0
0.19,0.667,-0.0685,1.0,-0.9396926207859083
0.19,0.667,-0.0685,1.0,-0.984807753012208
0.19,0.667,-0.0685,1.0,-1.0
0.19,0.667,-0.0685,1.0,-0.984807753012208
0.19,0.667,-0.0685,1.0,-0.9396926207859083
0.19,0.684,-0.0685,0.9396926207859084,-1.0
0.19,0.684,-0.0685,0.984807753012208,-1.0
0.19,0.684,-0.0685,1.0,-1.0
0.19,0.684,-0.0685,0.984807753012208,-1.0
0.19,0.684,-0.0685,0.9396926207859084,-1.0
0.19,0.684,-0.0685,1.0,-0.9396926207859083
0.19,0.684,-0.0685,1.0,-0.984807753012208
0.19,0.684,-0.0685,1.0,-1.0
0.19,0.684,-0.0685,1.0,-0.984807753012208
0.19,0.684,-0.0685,1.0,-0.9396926207859083
0.19,0.701,-0.0685,0.9396926207859084,-1.0
0.19,0.701,-0.0685,0.984807753012208,-1.0
0.19,0.701,-0.0685,1.0,-1.0
0.19,0.701,-0.0685,0.984807753012208,-1.0
0.19,0.701,-0.0685,0.9396926207859084,-1.0
0.19,0.701,-0.0685,1.0,-0.9396926207859083
0.19,0.701,-0.0685,1.0,-0.984807753012208
0.19,0.701,-0.0685,1.0,-1.0
0.19,0.701,-0.0685,1.0,-0.984807753012208
0.19,0.701,-0.0685,1.0,-0.9396926207859083
0.19,0.718,-0.0685,0.9396926207859084,-1.0
0.19,0.718,-0.0685,0.984807753012208,-1.0
0.19,0.718,-0.0685,1.0,-1.0
0.19,0.718,-0.0685,0.984807753012208,-1.0
0.19,0.718,-0.0685,0.9396926207859084,-1.0
0.19,0.718,-0.0685,1.0,-0.9396926207859083
0.19,0.718,-0.0685,1.0,-0.984807753012208
0.19,0.718,-0.0685,1.0,-1.0
0.19,0.718,-0.0685,1.0,-0.984807753012208
0.19,0.718,-0.0685,1.0,-0.9396926207859083
0.19,0.735,-0.0685,0.9396926207859084,-1.0
0.19,0.735,-0.0685,0.984807753012208,-1.0
0.19,0.735,-0.0685,1.0,-1.0
0.19,0.735,-0.0685,0.984807753012208,-1.0
0.19,0.735,-0.0685,0.9396926207859084,-1.0
0.19,0.735,-0.0685,1.0,-0.9396926207859083
0.19,0.735,-0.0685,1.0,-0.984807753012208
0.19,0.735,-0.0685,1.0,-1.0
0.19,0.735,-0.0685,1.0,-0.984807753012208
0.19,0.735,-0.0685,1.0,-0.9396926207859083
0.207,0.633,-0.0685,0.9396926207859084,-1.0
0.207,0.633,-0.0685,0.984807753012208,-1.0
0.207,0.633,-0.0685,1.0,-1.0
0.207,0.633,-0.0685,0.984807753012208,-1.0
0.207,0.633,-0.0685,0.9396926207859084,-1.0
0.207,0.633,-0.0685,1.0,-0.9396926207859083
0.207,0.633,-0.0685,1.0,-0.984807753012208
0.207,0.633,-0.0685,1.0,-1.0
0.207,0.633,-0.0685,1.0,-0.984807753012208
0.207,0.633,-0.0685,1.0,-0.9396926207859083
0.207,0.65,-0.0685,0.9396926207859084,-1.0
0.207,0.65,-0.0685,0.984807753012208,-1.0
0.207,0.65,-0.0685,1.0,-1.0
0.207,0.65,-0.0685,0.984807753012208,-1.0
0.207,0.65,-0.0685,0.9396926207859084,-1.0
0.207,0.65,-0.0685,1.0,-0.9396926207859083
0.207,0.65,-0.0685,1.0,-0.984807753012208
0.207,0.65,-0.0685,1.0,-1.0
0.207,0.65,-0.0685,1.0,-0.984807753012208
0.207,0.65,-0.0685,1.0,-0.9396926207859083
0.207,0.667,-0.0685,0.9396926207859084,-1.0
0.207,0.667,-0.0685,0.984807753012208,-1.0
0.207,0.667,-0.0685,1.0,-1.0
0.207,0.667,-0.0685,0.984807753012208,-1.0
0.207,0.667,-0.0685,0.9396926207859084,-1.0
0.207,0.667,-0.0685,1.0,-0.9396926207859083
0.207,0.667,-0.0685,1.0,-0.984807753012208
0.207,0.667,-0.0685,1.0,-1.0
0.207,0.667,-0.0685,1.0,-0.984807753012208
0.207,0.667,-0.0685,1.0,-0.9396926207859083
0.207,0.684,-0.0685,0.9396926207859084,-1.0
0.207,0.684,-0.0685,0.984807753012208,-1.0
0.207,0.684,-0.0685,1.0,-1.0
0.207,0.684,-0.0685,0.984807753012208,-1.0
0.207,0.684,-0.0685,0.9396926207859084,-1.0
0.207,0.684,-0.0685,1.0,-0.9396926207859083
0.207,0.684,-0.0685,1.0,-0.984807753012208
0.207,0.684,-0.0685,1.0,-1.0
0.207,0.684,-0.0685,1.0,-0.984807753012208
0.207,0.684,-0.0685,1.0,-0.9396926207859083
0.207,0.701,-0.0685,0.9396926207859084,-1.0
0.207,0.701,-0.0685,0.984807753012208,-1.0
0.207,0.701,-0.0685,1.0,-1.0
0.207,0.701,-0.0685,0.984807753012208,-1.0
0.207,0.701,-0.0685,0.9396926207859084,-1.0
0.207,0.701,-0.0685,1.0,-0.9396926207859083
0.207,0.701,-0.0685,1.0,-0.984807753012208
0.207,0.701,-0.0685,1.0,-1.0
0.207,0.701,-0.0685,1.0,-0.984807753012208
0.207,0.701,-0.0685,1.0,-0.9396926207859083
0.207,0.718,-0.0685,0.9396926207859084,-1.0
0.207,0.718,-0.0685,0.984807753012208,-1.0
0.207,0.718,-0.0685,1.0,-1.0
0.207,0.718,-0.0685,0.984807753012208,-1.0
0.207,0.718,-0.0685,0.9396926207859084,-1.0
0.207,0.718,-0.0685,1.0,-0.9396926207859083
0.207,0.718,-0.0685,1.0,-0.984807753012208
0.207,0.718,-0.0685,1.0,-1.0
0.207,0.718,-0.0685,1.0,-0.984807753012208
0.207,0.718,-0.0685,1.0,-0.9396926207859083
0.207,0.735,-0.0685,0.9396926207859084,-1.0
0.207,0.735,-0.0685,0.984807753012208,-1.0
0.207,0.735,-0.0685,1.0,-1.0
0.207,0.735,-0.0685,0.984807753012208,-1.0
0.207,0.735,-0.0685,0.9396926207859084,-1.0
0.207,0.735,-0.0685,1.0,-0.9396926207859083
0.207,0.735,-0.0685,1.0,-0.984807753012208
0.207,0.735,-0.0685,1.0,-1.0
0.207,0.735,-0.0685,1.0,-0.984807753012208
0.207,0.735,-0.0685,1.0,-0.9396926207859083
0.224,0.633,-0.0685,0.9396926207859084,-1.0
0.224,0.633,-0.0685,0.984807753012208,-1.0
0.224,0.633,-0.0685,1.0,-1.0
0.224,0.633,-0.0685,0.984807753012208,-1.0
0.224,0.633,-0.0685,0.9396926207859084,-1.0
0.224,0.633,-0.0685,1.0,-0.9396926207859083
0.224,0.633,-0.0685,1.0,-0.984807753012208
0.224,0.633,-0.0685,1.0,-1.0
0.224,0.633,-0.0685,1.0,-0.984807753012208
0.224,0.633,-0.0685,1.0,-0.9396926207859083
0.224,0.65,-0.0685,0.9396926207859084,-1.0
0.224,0.65,-0.0685,0.984807753012208,-1.0
0.224,0.65,-0.0685,1.0,-1.0
0.224,0.65,-0.0685,0.984807753012208,-1.0
0.224,0.65,-0.0685,0.9396926207859084,-1.0
0.224,0.65,-0.0685,1.0,-0.9396926207859083
0.224,0.65,-0.0685,1.0,-0.984807753012208
0.224,0.65,-0.0685,1.0,-1.0
0.224,0.65,-0.0685,1.0,-0.984807753012208
0.224,0.65,-0.0685,1.0,-0.9396926207859083
0.224,0.667,-0.0685,0.9396926207859084,-1.0
0.224,0.667,-0.0685,0.984807753012208,-1.0
0.224,0.667,-0.0685,1.0,-1.0
0.224,0.667,-0.0685,0.984807753012208,-1.0
0.224,0.667,-0.0685,0.9396926207859084,-1.0
0.224,0.667,-0.0685,1.0,-0.9396926207859083
0.224,0.667,-0.0685,1.0,-0.984807753012208
0.224,0.667,-0.0685,1.0,-1.0
0.224,0.667,-0.0685,1.0,-0.984807753012208
0.224,0.667,-0.0685,1.0,-0.9396926207859083
0.224,0.684,-0.0685,0.9396926207859084,-1.0
0.224,0.684,-0.0685,0.984807753012208,-1.0
0.224,0.684,-0.0685,1.0,-1.0
0.224,0.684,-0.0685,0.984807753012208,-1.0
0.224,0.684,-0.0685,0.9396926207859084,-1.0
0.224,0.684,-0.0685,1.0,-0.9396926207859083
0.224,0.684,-0.0685,1.0,-0.984807753012208
0.224,0.684,-0.0685,1.0,-1.0
0.224,0.684,-0.0685,1.0,-0.984807753012208
0.224,0.684,-0.0685,1.0,-0.9396926207859083
0.224,0.701,-0.0685,0.9396926207859084,-1.0
0.224,0.701,-0.0685,0.984807753012208,-1.0
0.224,0.701,-0.0685,1.0,-1.0
0.224,0.701,-0.0685,0.984807753012208,-1.0
0.224,0.701,-0.0685,0.9396926207859084,-1.0
0.224,0.701,-0.0685,1.0,-0.9396926207859083
0.224,0.701,-0.0685,1.0,-0.984807753012208
0.224,0.701,-0.0685,1.0,-1.0
0.224,0.701,-0.0685,1.0,-0.984807753012208
0.224,0.701,-0.0685,1.0,-0.9396926207859083
0.224,0.718,-0.0685,0.9396926207859084,-1.0
0.224,0.718,-0.0685,0.984807753012208,-1.0
0.224,0.718,-0.0685,1.0,-1.0
0.224,0.718,-0.0685,0.984807753012208,-1.0
0.224,0.718,-0.0685,0.9396926207859084,-1.0
0.224,0.718,-0.0685,1.0,-0.9396926207859083
0.224,0.718,-0.0685,1.0,-0.984807753012208
0.224,0.718,-0.0685,1.0,-1.0
0.224,0.718,-0.0685,1.0,-0.984807753012208
0.224,0.718,-0.0685,1.0,-0.9396926207859083
0.224,0.735,-0.0685,0.9396926207859084,-1.0
0.224,0.735,-0.0685,0.984807753012208,-1.0
0.224,0.735,-0.0685,1.0,-1.0
0.224,0.735,-0.0685,0.984807753012208,-1.0
0.224,0.735,-0.0685,0.9396926207859084,-1.0
0.224,0.735,-0.0685,1.0,-0.9396926207859083
0.224,0.735,-0.0685,1.0,-0.984807753012208
0.224,0.735,-0.0685,1.0,-1.0
0.224,0.735,-0.0685,1.0,-0.984807753012208
0.224,0.735,-0.0685,1.0,-0.9396926207859083
0.241,0.633,-0.0685,0.9396926207859084,-1.0
0.241,0.633,-0.0685,0.984807753012208,-1.0
0.241,0.633,-0.0685,1.0,-1.0
0.241,0.633,-0.0685,0.984807753012208,-1.0
0.241,0.633,-0.0685,0.9396926207859084,-1.0
0.241,0.633,-0.0685,1.0,-0.9396926207859083
0.241,0.633,-0.0685,1.0,-0.984807753012208
0.241,0.633,-0.0685,1.0,-1.0
0.241,0.633,-0.0685,1.0,-0.984807753012208
0.241,0.633,-0.0685,1.0,-0.9396926207859083
0.241,0.65,-0.0685,0.9396926207859084,-1.0
0.241,0.65,-0.0685,0.984807753012208,-1.0
0.241,0.65,-0.0685,1.0,-1.0
0.241,0.65,-0.0685,0.984807753012208,-1.0
0.241,0.65,-0.0685,0.9396926207859084,-1.0
0.241,0.65,-0.0685,1.0,-0.9396926207859083
0.241,0.65,-0.0685,1.0,-0.984807753012208
0.241,0.65,-0.0685,1.0,-1.0
0.241,0.65,-0.0685,1.0,-0.984807753012208
0.241,0.65,-0.0685,1.0,-0.9396926207859083
0.241,0.667,-0.0685,0.9396926207859084,-1.0
0.241,0.667,-0.0685,0.984807753012208,-1.0
0.241,0.667,-0.0685,1.0,-1.0
0.241,0.667,-0.0685,0.984807753012208,-1.0
0.241,0.667,-0.0685,0.9396926207859084,-1.0
0.241,0.667,-0.0685,1.0,-0.9396926207859083
0.241,0.667,-0.0685,1.0,-0.984807753012208
0.241,0.667,-0.0685,1.0,-1.0
0.241,0.667,-0.0685,1.0,-0.984807753012208
0.241,0.667,-0.0685,1.0,-0.9396926207859083
0.241,0.684,-0.0685,0.9396926207859084,-1.0
0.241,0.684,-0.0685,0.984807753012208,-1.0
0.241,0.684,-0.0685,1.0,-1.0
0.241,0.684,-0.0685,0.984807753012208,-1.0
0.241,0.684,-0.0685,0.9396926207859084,-1.0
0.241,0.684,-0.0685,1.0,-0.9396926207859083
0.241,0.684,-0.0685,1.0,-0.984807753012208
0.241,0.684,-0.0685,1.0,-1.0
0.241,0.684,-0.0685,1.0,-0.984807753012208
0.241,0.684,-0.0685,1.0,-0.9396926207859083
0.241,0.701,-0.0685,0.9396926207859084,-1.0
0.241,0.701,-0.0685,0.984807753012208,-1.0
0.241,0.701,-0.0685,1.0,-1.0
0.241,0.701,-0.0685,0.984807753012208,-1.0
0.241,0.701,-0.0685,0.9396926207859084,-1.0
0.241,0.701,-0.0685,1.0,-0.9396926207859083
0.241,0.701,-0.0685,1.0,-0.984807753012208
0.241,0.701,-0.0685,1.0,-1.0
0.241,0.701,-0.0685,1.0,-0.984807753012208
0.241,0.701,-0.0685,1.0,-0.9396926207859083
0.241,0.718,-0.0685,0.9396926207859084,-1.0
0.241,0.718,-0.0685,0.984807753012208,-1.0
0.241,0.718,-0.0685,1.0,-1.0
0.241,0.718,-0.0685,0.984807753012208,-1.0
0.241,0.718,-0.0685,0.9396926207859084,-1.0
0.241,0.718,-0.0685,1.0,-0.9396926207859083
0.241,0.718,-0.0685,1.0,-0.984807753012208
0.241,0.718,-0.0685,1.0,-1.0
0.241,0.718,-0.0685,1.0,-0.984807753012208
0.241,0.718,-0.0685,1.0,-0.9396926207859083
0.241,0.735,-0.0685,0.9396926207859084,-1.0
0.241,0.735,-0.0685,0.984807753012208,-1.0
0.241,0.735,-0.0685,1.0,-1.0
0.241,0.735,-0.0685,0.984807753012208,-1.0
0.241,0.735,-0.0685,0.9396926207859084,-1.0
0.241,0.735,-0.0685,1.0,-0.9396926207859083
0.241,0.735,-0.0685,1.0,-0.984807753012208
0.241,0.735,-0.0685,1.0,-1.0
0.241,0.735,-0.0685,1.0,-0.984807753012208
0.241,0.735,-0.0685,1.0,-0.9396926207859083
0.258,0.633,-0.0685,0.9396926207859084,-1.0
0.258,0.633,-0.0685,0.984807753012208,-1.0
0.258,0.633,-0.0685,1.0,-1.0
0.258,0.633,-0.0685,0.984807753012208,-1.0
0.258,0.633,-0.0685,0.9396926207859084,-1.0
0.258,0.633,-0.0685,1.0,-0.9396926207859083
0.258,0.633,-0.0685,1.0,-0.984807753012208
0.258,0.633,-0.0685,1.0,-1.0
0.258,0.633,-0.0685,1.0,-0.984807753012208
0.258,0.633,-0.0685,1.0,-0.9396926207859083
0.258,0.65,-0.0685,0.9396926207859084,-1.0
0.258,0.65,-0.0685,0.984807753012208,-1.0
0.258,0.65,-0.0685,1.0,-1.0
0.258,0.65,-0.0685,0.984807753012208,-1.0
0.258,0.65,-0.0685,0.9396926207859084,-1.0
0.258,0.65,-0.0685,1.0,-0.9396926207859083
0.258,0.65,-0.0685,1.0,-0.984807753012208
0.258,0.65,-0.0685,1.0,-1.0
0.258,0.65,-0.0685,1.0,-0.984807753012208
0.258,0.65,-0.0685,1.0,-0.9396926207859083
0.258,0.667,-0.0685,0.9396926207859084,-1.0
0.258,0.667,-0.0685,0.984807753012208,-1.0
0.258,0.667,-0.0685,1.0,-1.0
0.258,0.667,-0.0685,0.984807753012208,-1.0
0.258,0.667,-0.0685,0.9396926207859084,-1.0
0.258,0.667,-0.0685,1.0,-0.9396926207859083
0.258,0.667,-0.0685,1.0,-0.984807753012208
0.258,0.667,-0.0685,1.0,-1.0
0.258,0.667,-0.0685,1.0,-0.984807753012208
0.258,0.667,-0.0685,1.0,-0.9396926207859083
0.258,0.684,-0.0685,0.9396926207859084,-1.0
0.258,0.684,-0.0685,0.984807753012208,-1.0
0.258,0.684,-0.0685,1.0,-1.0
0.258,0.684,-0.0685,0.984807753012208,-1.0
0.258,0.684,-0.0685,0.9396926207859084,-1.0
0.258,0.684,-0.0685,1.0,-0.9396926207859083
0.258,0.684,-0.0685,1.0,-0.984807753012208
0.258,0.684,-0.0685,1.0,-1.0
0.258,0.684,-0.0685,1.0,-0.984807753012208
0.258,0.684,-0.0685,1.0,-0.9396926207859083
0.258,0.701,-0.0685,0.9396926207859084,-1.0
0.258,0.701,-0.0685,0.984807753012208,-1.0
0.258,0.701,-0.0685,1.0,-1.0
0.258,0.701,-0.0685,0.984807753012208,-1.0
0.258,0.701,-0.0685,0.9396926207859084,-1.0
0.258,0.701,-0.0685,1.0,-0.9396926207859083
0.258,0.701,-0.0685,1.0,-0.984807753012208
0.258,0.701,-0.0685,1.0,-1.0
0.258,0.701,-0.0685,1.0,-0.984807753012208
0.258,0.701,-0.0685,1.0,-0.9396926207859083
0.258,0.718,-0.0685,0.9396926207859084,-1.0
0.258,0.718,-0.0685,0.984807753012208,-1.0
0.258,0.718,-0.0685,1.0,-1.0
0.258,0.718,-0.0685,0.984807753012208,-1.0
0.258,0.718,-0.0685,0.9396926207859084,-1.0
0.258,0.718,-0.0685,1.0,-0.9396926207859083
0.258,0.718,-0.0685,1.0,-0.984807753012208
0.258,0.718,-0.0685,1.0,-1.0
0.258,0.718,-0.0685,1.0,-0.984807753012208
0.258,0.718,-0.0685,1.0,-0.9396926207859083
0.258,0.735,-0.0685,0.9396926207859084,-1.0
0.258,0.735,-0.0685,0.984807753012208,-1.0
0.258,0.735,-0.0685,1.0,-1.0
0.258,0.735,-0.0685,0.984807753012208,-1.0
0.258,0.735,-0.0685,0.9396926207859084,-1.0
0.258,0.735,-0.0685,1.0,-0.9396926207859083
0.258,0.735,-0.0685,1.0,-0.984807753012208
0.258,0.735,-0.0685,1.0,-1.0
0.258,0.735,-0.0685,1.0,-0.984807753012208
0.258,0.735,-0.0685,1.0,-0.9396926207859083
0.275,0.633,-0.0685,0.9396926207859084,-1.0
0.275,0.633,-0.0685,0.984807753012208,-1.0
0.275,0.633,-0.0685,1.0,-1.0
0.275,0.633,-0.0685,0.984807753012208,-1.0
0.275,0.633,-0.0685,0.9396926207859084,-1.0
0.275,0.633,-0.0685,1.0,-0.9396926207859083
0.275,0.633,-0.0685,1.0,-0.984807753012208
0.275,0.633,-0.0685,1.0,-1.0
0.275,0.633,-0.0685,1.0,-0.984807753012208
0.275,0.633,-0.0685,1.0,-0.9396926207859083
0.275,0.65,-0.0685,0.9396926207859084,-1.0
0.275,0.65,-0.0685,0.984807753012208,-1.0
0.275,0.65,-0.0685,1.0,-1.0
0.275,0.65,-0.0685,0.984807753012208,-1.0
0.275,0.65,-0.0685,0.9396926207859084,-1.0
0.275,0.65,-0.0685,1.0,-0.9396926207859083
0.275,0.65,-0.0685,1.0,-0.984807753012208
0.275,0.65,-0.0685,1.0,-1.0
0.275,0.65,-0.0685,1.0,-0.984807753012208
0.275,0.65,-0.0685,1.0,-0.9396926207859083
0.275,0.667,-0.0685,0.9396926207859084,-1.0
0.275,0.667,-0.0685,0.984807753012208,-1.0
0.275,0.667,-0.0685,1.0,-1.0
0.275,0.667,-0.0685,0.984807753012208,-1.0
0.275,0.667,-0.0685,0.9396926207859084,-1.0
0.275,0.667,-0.0685,1.0,-0.9396926207859083
0.275,0.667,-0.0685,1.0,-0.984807753012208
0.275,0.667,-0.0685,1.0,-1.0
0.275,0.667,-0.0685,1.0,-0.984807753012208
0.275,0.667,-0.0685,1.0,-0.9396926207859083
0.275,0.684,-0.0685,0.9396926207859084,-1.0
0.275,0.684,-0.0685,0.984807753012208,-1.0
0.275,0.684,-0.0685,1.0,-1.0
0.275,0.684,-0.0685,0.984807753012208,-1.0
0.275,0.684,-0.0685,0.9396926207859084,-1.0
0.275,0.684,-0.0685,1.0,-0.9396926207859083
0.275,0.684,-0.0685,1.0,-0.984807753012208
0.275,0.684,-0.0685,1.0,-1.0
0.275,0.684,-0.0685,1.0,-0.984807753012208
0.275,0.684,-0.0685,1.0,-0.9396926207859083
0.275,0.701,-0.0685,0.9396926207859084,-1.0
0.275,0.701,-0.0685,0.984807753012208,-1.0
0.275,0.701,-0.0685,1.0,-1.0
0.275,0.701,-0.0685,0.984807753012208,-1.0
0.275,0.701,-0.0685,0.9396926207859084,-1.0
0.275,0.701,-0.0685,1.0,-0.9396926207859083
0.275,0.701,-0.0685,1.0,-0.984807753012208
0.275,0.701,-0.0685,1.0,-1.0
0.275,0.701,-0.0685,1.0,-0.984807753012208
0.275,0.701,-0.0685,1.0,-0.9396926207859083
0.275,0.718,-0.0685,0.9396926207859084,-1.0
0.275,0.718,-0.0685,0.984807753012208,-1.0
0.275,0.718,-0.0685,1.0,-1.0
0.275,0.718,-0.0685,0.984807753012208,-1.0
0.275,0.718,-0.0685,0.9396926207859084,-1.0
0.275,0.718,-0.0685,1.0,-0.9396926207859083
0.275,0.718,-0.0685,1.0,-0.984807753012208
0.275,0.718,-0.0685,1.0,-1.0
0.275,0.718,-0.0685,1.0,-0.984807753012208
0.275,0.718,-0.0685,1.0,-0.9396926207859083
0.275,0.735,-0.0685,0.9396926207859084,-1.0
0.275,0.735,-0.0685,0.984807753012208,-1.0
0.275,0.735,-0.0685,1.0,-1.0
0.275,0.735,-0.0685,0.984807753012208,-1.0
0.275,0.735,-0.0685,0.9396926207859084,-1.0
0.275,0.735,-0.0685,1.0,-0.9396926207859083
0.275,0.735,-0.0685,1.0,-0.984807753012208
0.275,0.735,-0.0685,1.0,-1.0
0.275,0.735,-0.0685,1.0,-0.984807753012208
0.275,0.735,-0.0685,1.0,-0.9396926207859083
0.292,0.633,-0.0685,0.9396926207859084,-1.0
0.292,0.633,-0.0685,0.984807753012208,-1.0
0.292,0.633,-0.0685,1.0,-1.0
0.292,0.633,-0.0685,0.984807753012208,-1.0
0.292,0.633,-0.0685,0.9396926207859084,-1.0
0.292,0.633,-0.0685,1.0,-0.9396926207859083
0.292,0.633,-0.0685,1.0,-0.984807753012208
0.292,0.633,-0.0685,1.0,-1.0
0.292,0.633,-0.0685,1.0,-0.984807753012208
0.292,0.633,-0.0685,1.0,-0.9396926207859083
0.292,0.65,-0.0685,0.9396926207859084,-1.0
0.292,0.65,-0.0685,0.984807753012208,-1.0
0.292,0.65,-0.0685,1.0,-1.0
0.292,0.65,-0.0685,0.984807753012208,-1.0
0.292,0.65,-0.0685,0.9396926207859084,-1.0
0.292,0.65,-0.0685,1.0,-0.9396926207859083
0.292,0.65,-0.0685,1.0,-0.984807753012208
0.292,0.65,-0.0685,1.0,-1.0
0.292,0.65,-0.0685,1.0,-0.984807753012208
0.292,0.65,-0.0685,1.0,-0.9396926207859083
0.292,0.667,-0.0685,0.9396926207859084,-1.0
0.292,0.667,-0.0685,0.984807753012208,-1.0
0.292,0.667,-0.0685,1.0,-1.0
0.292,0.667,-0.0685,0.984807753012208,-1.0
0.292,0.667,-0.0685,0.9396926207859084,-1.0
0.292,0.667,-0.0685,1.0,-0.9396926207859083
0.292,0.667,-0.0685,1.0,-0.984807753012208
0.292,0.667,-0.0685,1.0,-1.0
0.292,0.667,-0.0685,1.0,-0.984807753012208
0.292,0.667,-0.0685,1.0,-0.9396926207859083
0.292,0.684,-0.0685,0.9396926207859084,-1.0
0.292,0.684,-0.0685,0.984807753012208,-1.0
0.292,0.684,-0.0685,1.0,-1.0
0.292,0.684,-0.0685,0.984807753012208,-1.0
0.292,0.684,-0.0685,0.9396926207859084,-1.0
0.292,0.684,-0.0685,1.0,-0.9396926207859083
0.292,0.684,-0.0685,1.0,-0.984807753012208
0.292,0.684,-0.0685,1.0,-1.0
0.292,0.684,-0.0685,1.0,-0.984807753012208
0.292,0.684,-0.0685,1.0,-0.9396926207859083
0.292,0.701,-0.0685,0.9396926207859084,-1.0
0.292,0.701,-0.0685,0.984807753012208,-1.0
0.292,0.701,-0.0685,1.0,-1.0
0.292,0.701,-0.0685,0.984807753012208,-1.0
0.292,0.701,-0.0685,0.9396926207859084,-1.0
0.292,0.701,-0.0685,1.0,-0.9396926207859083
0.292,0.701,-0.0685,1.0,-0.984807753012208
0.292,0.701,-0.0685,1.0,-1.0
0.292,0.701,-0.0685,1.0,-0.984807753012208
0.292,0.701,-0.0685,1.0,-0.9396926207859083
0.292,0.718,-0.0685,0.9396926207859084,-1.0
0.292,0.718,-0.0685,0.984807753012208,-1.0
0.292,0.718,-0.0685,1.0,-1.0
0.292,0.718,-0.0685,0.984807753012208,-1.0
0.292,0.718,-0.0685,0.9396926207859084,-1.0
0.292,0.718,-0.0685,1.0,-0.9396926207859083
0.292,0.718,-0.0685,1.0,-0.984807753012208
0.292,0.718,-0.0685,1.0,-1.0
0.292,0.718,-0.0685,1.0,-0.9396926207859083
0.292,0.735,-0.0685,0.9396926207859084,-1.0
0.292,0.735,-0.0685,0.984807753012208,-1.0
0.292,0.735,-0.0685,1.0,-1.0
0.292,0.735,-0.0685,0.984807753012208,-1.0
0.292,0.735,-0.0685,0.9396926207859084,-1.0
0.292,0.735,-0.0685,1.0,-0.9396926207859083
0.292,0.735,-0.0685,1.0,-0.984807753012208
0.292,0.735,-0.0685,1.0,-1.0
0.292,0.735,-0.0685,1.0,-0.984807753012208
0.292,0.735,-0.0685,1.0,-0.9396926207859083
0.19,0.633,-0.0585,0.9396926207859084,-1.0
0.19,0.633,-0.0585,0.984807753012208,-1.0
0.19,0.633,-0.0585,1.0,-1.0
0.19,0.633,-0.0585,0.984807753012208,-1.0
0.19,0.633,-0.0585,0.9396926207859084,-1.0
0.19,0.633,-0.0585,1.0,-0.9396926207859083
0.19,0.633,-0.0585,1.0,-0.984807753012208
0.19,0.633,-0.0585,1.0,-1.0
0.19,0.633,-0.0585,1.0,-0.984807753012208
0.19,0.633,-0.0585,1.0,-0.9396926207859083
0.19,0.65,-0.0585,0.9396926207859084,-1.0
0.19,0.65,-0.0585,0.984807753012208,-1.0
0.19,0.65,-0.0585,1.0,-1.0
0.19,0.65,-0.0585,0.984807753012208,-1.0
0.19,0.65,-0.0585,0.9396926207859084,-1.0
0.19,0.65,-0.0585,1.0,-0.9396926207859083
0.19,0.65,-0.0585,1.0,-0.984807753012208
0.19,0.65,-0.0585,1.0,-1.0
0.19,0.65,-0.0585,1.0,-0.984807753012208
0.19,0.65,-0.0585,1.0,-0.9396926207859083
0.19,0.667,-0.0585,0.9396926207859084,-1.0
0.19,0.667,-0.0585,0.984807753012208,-1.0
0.19,0.667,-0.0585,1.0,-1.0
0.19,0.667,-0.0585,0.984807753012208,-1.0
0.19,0.667,-0.0585,0.9396926207859084,-1.0
0.19,0.667,-0.0585,1.0,-0.9396926207859083
0.19,0.667,-0.0585,1.0,-0.984807753012208
0.19,0.667,-0.0585,1.0,-1.0
0.19,0.667,-0.0585,1.0,-0.984807753012208
0.19,0.667,-0.0585,1.0,-0.9396926207859083
0.19,0.684,-0.0585,0.9396926207859084,-1.0
0.19,0.684,-0.0585,0.984807753012208,-1.0
0.19,0.684,-0.0585,1.0,-1.0
0.19,0.684,-0.0585,0.984807753012208,-1.0
0.19,0.684,-0.0585,0.9396926207859084,-1.0
0.19,0.684,-0.0585,1.0,-0.9396926207859083
0.19,0.684,-0.0585,1.0,-0.984807753012208
0.19,0.684,-0.0585,1.0,-1.0
0.19,0.684,-0.0585,1.0,-0.984807753012208
0.19,0.684,-0.0585,1.0,-0.9396926207859083
0.19,0.701,-0.0585,0.9396926207859084,-1.0
0.19,0.701,-0.0585,0.984807753012208,-1.0
0.19,0.701,-0.0585,1.0,-1.0
0.19,0.701,-0.0585,0.984807753012208,-1.0
0.19,0.701,-0.0585,0.9396926207859084,-1.0
0.19,0.701,-0.0585,1.0,-0.9396926207859083
0.19,0.701,-0.0585,1.0,-0.984807753012208
0.19,0.701,-0.0585,1.0,-1.0
0.19,0.701,-0.0585,1.0,-0.984807753012208
0.19,0.701,-0.0585,1.0,-0.9396926207859083
0.19,0.718,-0.0585,0.9396926207859084,-1.0
0.19,0.718,-0.0585,0.984807753012208,-1.0
0.19,0.718,-0.0585,1.0,-1.0
0.19,0.718,-0.0585,0.984807753012208,-1.0
0.19,0.718,-0.0585,0.9396926207859084,-1.0
0.19,0.718,-0.0585,1.0,-0.9396926207859083
0.19,0.718,-0.0585,1.0,-0.984807753012208
0.19,0.718,-0.0585,1.0,-1.0
0.19,0.718,-0.0585,1.0,-0.984807753012208
0.19,0.718,-0.0585,1.0,-0.9396926207859083
0.19,0.735,-0.0585,0.9396926207859084,-1.0
0.19,0.735,-0.0585,0.984807753012208,-1.0
0.19,0.735,-0.0585,1.0,-1.0
0.19,0.735,-0.0585,0.984807753012208,-1.0
0.19,0.735,-0.0585,0.9396926207859084,-1.0
0.19,0.735,-0.0585,1.0,-0.9396926207859083
0.19,0.735,-0.0585,1.0,-0.984807753012208
0.19,0.735,-0.0585,1.0,-1.0
0.19,0.735,-0.0585,1.0,-0.984807753012208
0.19,0.735,-0.0585,1.0,-0.9396926207859083
0.207,0.633,-0.0585,0.9396926207859084,-1.0
0.207,0.633,-0.0585,0.984807753012208,-1.0
0.207,0.633,-0.0585,1.0,-1.0
0.207,0.633,-0.0585,0.984807753012208,-1.0
0.207,0.633,-0.0585,0.9396926207859084,-1.0
0.207,0.633,-0.0585,1.0,-0.9396926207859083
0.207,0.633,-0.0585,1.0,-0.984807753012208
0.207,0.633,-0.0585,1.0,-1.0
0.207,0.633,-0.0585,1.0,-0.984807753012208
0.207,0.633,-0.0585,1.0,-0.9396926207859083
0.207,0.65,-0.0585,0.9396926207859084,-1.0
0.207,0.65,-0.0585,0.984807753012208,-1.0
0.207,0.65,-0.0585,1.0,-1.0
0.207,0.65,-0.0585,0.984807753012208,-1.0
0.207,0.65,-0.0585,0.9396926207859084,-1.0
0.207,0.65,-0.0585,1.0,-0.9396926207859083
0.207,0.65,-0.0585,1.0,-0.984807753012208
0.207,0.65,-0.0585,1.0,-1.0
0.207,0.65,-0.0585,1.0,-0.984807753012208
0.207,0.65,-0.0585,1.0,-0.9396926207859083
0.207,0.667,-0.0585,0.9396926207859084,-1.0
0.207,0.667,-0.0585,0.984807753012208,-1.0
0.207,0.667,-0.0585,1.0,-1.0
0.207,0.667,-0.0585,0.984807753012208,-1.0
0.207,0.667,-0.0585,0.9396926207859084,-1.0
0.207,0.667,-0.0585,1.0,-0.9396926207859083
0.207,0.667,-0.0585,1.0,-0.984807753012208
0.207,0.667,-0.0585,1.0,-1.0
0.207,0.667,-0.0585,1.0,-0.984807753012208
0.207,0.667,-0.0585,1.0,-0.9396926207859083
0.207,0.684,-0.0585,0.9396926207859084,-1.0
0.207,0.684,-0.0585,0.984807753012208,-1.0
0.207,0.684,-0.0585,1.0,-1.0
0.207,0.684,-0.0585,0.984807753012208,-1.0
0.207,0.684,-0.0585,0.9396926207859084,-1.0
0.207,0.684,-0.0585,1.0,-0.9396926207859083
0.207,0.684,-0.0585,1.0,-0.984807753012208
0.207,0.684,-0.0585,1.0,-1.0
0.207,0.684,-0.0585,1.0,-0.984807753012208
0.207,0.684,-0.0585,1.0,-0.9396926207859083
0.207,0.701,-0.0585,0.9396926207859084,-1.0
0.207,0.701,-0.0585,0.984807753012208,-1.0
0.207,0.701,-0.0585,1.0,-1.0
0.207,0.701,-0.0585,0.984807753012208,-1.0
0.207,0.701,-0.0585,0.9396926207859084,-1.0
0.207,0.701,-0.0585,1.0,-0.9396926207859083
0.207,0.701,-0.0585,1.0,-0.984807753012208
0.207,0.701,-0.0585,1.0,-1.0
0.207,0.701,-0.0585,1.0,-0.984807753012208
0.207,0.701,-0.0585,1.0,-0.9396926207859083
0.207,0.718,-0.0585,0.9396926207859084,-1.0
0.207,0.718,-0.0585,0.984807753012208,-1.0
0.207,0.718,-0.0585,1.0,-1.0
0.207,0.718,-0.0585,0.984807753012208,-1.0
0.207,0.718,-0.0585,0.9396926207859084,-1.0
0.207,0.718,-0.0585,1.0,-0.9396926207859083
0.207,0.718,-0.0585,1.0,-0.984807753012208
0.207,0.718,-0.0585,1.0,-1.0
0.207,0.718,-0.0585,1.0,-0.984807753012208
0.207,0.718,-0.0585,1.0,-0.9396926207859083
0.207,0.735,-0.0585,0.9396926207859084,-1.0
0.207,0.735,-0.0585,0.984807753012208,-1.0
0.207,0.735,-0.0585,1.0,-1.0
0.207,0.735,-0.0585,0.984807753012208,-1.0
0.207,0.735,-0.0585,0.9396926207859084,-1.0
0.207,0.735,-0.0585,1.0,-0.9396926207859083
0.207,0.735,-0.0585,1.0,-0.984807753012208
0.207,0.735,-0.0585,1.0,-1.0
0.207,0.735,-0.0585,1.0,-0.984807753012208
0.207,0.735,-0.0585,1.0,-0.9396926207859083
0.224,0.633,-0.0585,0.9396926207859084,-1.0
0.224,0.633,-0.0585,0.984807753012208,-1.0
0.224,0.633,-0.0585,1.0,-1.0
0.224,0.633,-0.0585,0.984807753012208,-1.0
0.224,0.633,-0.0585,0.9396926207859084,-1.0
0.224,0.633,-0.0585,1.0,-0.9396926207859083
0.224,0.633,-0.0585,1.0,-0.984807753012208
0.224,0.633,-0.0585,1.0,-1.0
0.224,0.633,-0.0585,1.0,-0.984807753012208
0.224,0.633,-0.0585,1.0,-0.9396926207859083
0.224,0.65,-0.0585,0.9396926207859084,-1.0
0.224,0.65,-0.0585,0.984807753012208,-1.0
0.224,0.65,-0.0585,1.0,-1.0
0.224,0.65,-0.0585,0.984807753012208,-1.0
0.224,0.65,-0.0585,0.9396926207859084,-1.0
0.224,0.65,-0.0585,1.0,-0.9396926207859083
0.224,0.65,-0.0585,1.0,-0.984807753012208
0.224,0.65,-0.0585,1.0,-1.0
0.224,0.65,-0.0585,1.0,-0.984807753012208
0.224,0.65,-0.0585,1.0,-0.9396926207859083
0.224,0.667,-0.0585,0.9396926207859084,-1.0
0.224,0.667,-0.0585,0.984807753012208,-1.0
0.224,0.667,-0.0585,1.0,-1.0
0.224,0.667,-0.0585,0.984807753012208,-1.0
0.224,0.667,-0.0585,0.9396926207859084,-1.0
0.224,0.667,-0.0585,1.0,-0.9396926207859083
0.224,0.667,-0.0585,1.0,-0.984807753012208
0.224,0.667,-0.0585,1.0,-1.0
0.224,0.667,-0.0585,1.0,-0.984807753012208
0.224,0.667,-0.0585,1.0,-0.9396926207859083
0.224,0.684,-0.0585,0.9396926207859084,-1.0
0.224,0.684,-0.0585,0.984807753012208,-1.0
0.224,0.684,-0.0585,1.0,-1.0
0.224,0.684,-0.0585,0.984807753012208,-1.0
0.224,0.684,-0.0585,0.9396926207859084,-1.0
0.224,0.684,-0.0585,1.0,-0.9396926207859083
0.224,0.684,-0.0585,1.0,-0.984807753012208
0.224,0.684,-0.0585,1.0,-1.0
0.224,0.684,-0.0585,1.0,-0.984807753012208
0.224,0.684,-0.0585,1.0,-0.9396926207859083
0.224,0.701,-0.0585,0.9396926207859084,-1.0
0.224,0.701,-0.0585,0.984807753012208,-1.0
0.224,0.701,-0.0585,1.0,-1.0
0.224,0.701,-0.0585,0.984807753012208,-1.0
0.224,0.701,-0.0585,0.9396926207859084,-1.0
0.224,0.701,-0.0585,1.0,-0.9396926207859083
0.224,0.701,-0.0585,1.0,-0.984807753012208
0.224,0.701,-0.0585,1.0,-1.0
0.224,0.701,-0.0585,1.0,-0.984807753012208
0.224,0.701,-0.0585,1.0,-0.9396926207859083
0.224,0.718,-0.0585,0.9396926207859084,-1.0
0.224,0.718,-0.0585,0.984807753012208,-1.0
0.224,0.718,-0.0585,1.0,-1.0
0.224,0.718,-0.0585,0.984807753012208,-1.0
0.224,0.718,-0.0585,0.9396926207859084,-1.0
0.224,0.718,-0.0585,1.0,-0.9396926207859083
0.224,0.718,-0.0585,1.0,-0.984807753012208
0.224,0.718,-0.0585,1.0,-1.0
0.224,0.718,-0.0585,1.0,-0.984807753012208
0.224,0.718,-0.0585,1.0,-0.9396926207859083
0.224,0.735,-0.0585,0.9396926207859084,-1.0
0.224,0.735,-0.0585,0.984807753012208,-1.0
0.224,0.735,-0.0585,1.0,-1.0
0.224,0.735,-0.0585,0.984807753012208,-1.0
0.224,0.735,-0.0585,0.9396926207859084,-1.0
0.224,0.735,-0.0585,1.0,-0.9396926207859083
0.224,0.735,-0.0585,1.0,-0.984807753012208
0.224,0.735,-0.0585,1.0,-1.0
0.224,0.735,-0.0585,1.0,-0.984807753012208
0.224,0.735,-0.0585,1.0,-0.9396926207859083
0.241,0.633,-0.0585,0.9396926207859084,-1.0
0.241,0.633,-0.0585,0.984807753012208,-1.0
0.241,0.633,-0.0585,1.0,-1.0
0.241,0.633,-0.0585,0.984807753012208,-1.0
0.241,0.633,-0.0585,0.9396926207859084,-1.0
0.241,0.633,-0.0585,1.0,-0.9396926207859083
0.241,0.633,-0.0585,1.0,-0.984807753012208
0.241,0.633,-0.0585,1.0,-1.0
0.241,0.633,-0.0585,1.0,-0.984807753012208
0.241,0.633,-0.0585,1.0,-0.9396926207859083
0.241,0.65,-0.0585,0.9396926207859084,-1.0
0.241,0.65,-0.0585,0.984807753012208,-1.0
0.241,0.65,-0.0585,1.0,-1.0
0.241,0.65,-0.0585,0.984807753012208,-1.0
0.241,0.65,-0.0585,0.9396926207859084,-1.0
0.241,0.65,-0.0585,1.0,-0.9396926207859083
0.241,0.65,-0.0585,1.0,-0.984807753012208
0.241,0.65,-0.0585,1.0,-1.0
0.241,0.65,-0.0585,1.0,-0.984807753012208
0.241,0.65,-0.0585,1.0,-0.9396926207859083
0.241,0.667,-0.0585,0.9396926207859084,-1.0
0.241,0.667,-0.0585,0.984807753012208,-1.0
0.241,0.667,-0.0585,1.0,-1.0
0.241,0.667,-0.0585,0.984807753012208,-1.0
0.241,0.667,-0.0585,0.9396926207859084,-1.0
0.241,0.667,-0.0585,1.0,-0.9396926207859083
0.241,0.667,-0.0585,1.0,-0.984807753012208
0.241,0.667,-0.0585,1.0,-1.0
0.241,0.667,-0.0585,1.0,-0.984807753012208
0.241,0.667,-0.0585,1.0,-0.9396926207859083
0.241,0.684,-0.0585,0.9396926207859084,-1.0
0.241,0.684,-0.0585,0.984807753012208,-1.0
0.241,0.684,-0.0585,1.0,-1.0
0.241,0.684,-0.0585,0.984807753012208,-1.0
0.241,0.684,-0.0585,0.9396926207859084,-1.0
0.241,0.684,-0.0585,1.0,-0.9396926207859083
0.241,0.684,-0.0585,1.0,-0.984807753012208
0.241,0.684,-0.0585,1.0,-1.0
0.241,0.684,-0.0585,1.0,-0.984807753012208
0.241,0.684,-0.0585,1.0,-0.9396926207859083
0.241,0.701,-0.0585,0.9396926207859084,-1.0
0.241,0.701,-0.0585,0.984807753012208,-1.0
0.241,0.701,-0.0585,1.0,-1.0
0.241,0.701,-0.0585,0.984807753012208,-1.0
0.241,0.701,-0.0585,0.9396926207859084,-1.0
0.241,0.701,-0.0585,1.0,-0.9396926207859083
0.241,0.701,-0.0585,1.0,-0.984807753012208
0.241,0.701,-0.0585,1.0,-1.0
0.241,0.701,-0.0585,1.0,-0.984807753012208
0.241,0.701,-0.0585,1.0,-0.9396926207859083
0.241,0.718,-0.0585,0.9396926207859084,-1.0
0.241,0.718,-0.0585,0.984807753012208,-1.0
0.241,0.718,-0.0585,1.0,-1.0
0.241,0.718,-0.0585,0.984807753012208,-1.0
0.241,0.718,-0.0585,0.9396926207859084,-1.0
0.241,0.718,-0.0585,1.0,-0.9396926207859083
0.241,0.718,-0.0585,1.0,-0.984807753012208
0.241,0.718,-0.0585,1.0,-1.0
0.241,0.718,-0.0585,1.0,-0.984807753012208
0.241,0.718,-0.0585,1.0,-0.9396926207859083
0.241,0.735,-0.0585,0.9396926207859084,-1.0
0.241,0.735,-0.0585,0.984807753012208,-1.0
0.241,0.735,-0.0585,1.0,-1.0
0.241,0.735,-0.0585,0.984807753012208,-1.0
0.241,0.735,-0.0585,0.9396926207859084,-1.0
0.241,0.735,-0.0585,1.0,-0.9396926207859083
0.241,0.735,-0.0585,1.0,-0.984807753012208
0.241,0.735,-0.0585,1.0,-1.0
0.241,0.735,-0.0585,1.0,-0.984807753012208
0.241,0.735,-0.0585,1.0,-0.9396926207859083
0.258,0.633,-0.0585,0.9396926207859084,-1.0
0.258,0.633,-0.0585,0.984807753012208,-1.0
0.258,0.633,-0.0585,1.0,-1.0
0.258,0.633,-0.0585,0.984807753012208,-1.0
0.258,0.633,-0.0585,0.9396926207859084,-1.0
0.258,0.633,-0.0585,1.0,-0.9396926207859083
0.258,0.633,-0.0585,1.0,-0.984807753012208
0.258,0.633,-0.0585,1.0,-1.0
0.258,0.633,-0.0585,1.0,-0.984807753012208
0.258,0.633,-0.0585,1.0,-0.9396926207859083
0.258,0.65,-0.0585,0.9396926207859084,-1.0
0.258,0.65,-0.0585,0.984807753012208,-1.0
0.258,0.65,-0.0585,1.0,-1.0
0.258,0.65,-0.0585,0.984807753012208,-1.0
0.258,0.65,-0.0585,0.9396926207859084,-1.0
0.258,0.65,-0.0585,1.0,-0.9396926207859083
0.258,0.65,-0.0585,1.0,-0.984807753012208
0.258,0.65,-0.0585,1.0,-1.0
0.258,0.65,-0.0585,1.0,-0.984807753012208
0.258,0.65,-0.0585,1.0,-0.9396926207859083
0.258,0.667,-0.0585,0.9396926207859084,-1.0
0.258,0.667,-0.0585,0.984807753012208,-1.0
0.258,0.667,-0.0585,1.0,-1.0
0.258,0.667,-0.0585,0.984807753012208,-1.0
0.258,0.667,-0.0585,0.9396926207859084,-1.0
0.258,0.667,-0.0585,1.0,-0.9396926207859083
0.258,0.667,-0.0585,1.0,-0.984807753012208
0.258,0.667,-0.0585,1.0,-1.0
0.258,0.667,-0.0585,1.0,-0.984807753012208
0.258,0.667,-0.0585,1.0,-0.9396926207859083
0.258,0.684,-0.0585,0.9396926207859084,-1.0
0.258,0.684,-0.0585,0.984807753012208,-1.0
0.258,0.684,-0.0585,1.0,-1.0
0.258,0.684,-0.0585,0.984807753012208,-1.0
0.258,0.684,-0.0585,0.9396926207859084,-1.0
0.258,0.684,-0.0585,1.0,-0.9396926207859083
0.258,0.684,-0.0585,1.0,-0.984807753012208
0.258,0.684,-0.0585,1.0,-1.0
0.258,0.684,-0.0585,1.0,-0.984807753012208
0.258,0.684,-0.0585,1.0,-0.9396926207859083
0.258,0.701,-0.0585,0.9396926207859084,-1.0
0.258,0.701,-0.0585,0.984807753012208,-1.0
0.258,0.701,-0.0585,1.0,-1.0
0.258,0.701,-0.0585,0.984807753012208,-1.0
0.258,0.701,-0.0585,0.9396926207859084,-1.0
0.258,0.701,-0.0585,1.0,-0.9396926207859083
0.258,0.701,-0.0585,1.0,-0.984807753012208
0.258,0.701,-0.0585,1.0,-1.0
0.258,0.701,-0.0585,1.0,-0.984807753012208
0.258,0.701,-0.0585,1.0,-0.9396926207859083
0.258,0.718,-0.0585,0.9396926207859084,-1.0
0.258,0.718,-0.0585,0.984807753012208,-1.0
0.258,0.718,-0.0585,1.0,-1.0
0.258,0.718,-0.0585,0.984807753012208,-1.0
0.258,0.718,-0.0585,0.9396926207859084,-1.0
0.258,0.718,-0.0585,1.0,-0.9396926207859083
0.258,0.718,-0.0585,1.0,-0.984807753012208
0.258,0.718,-0.0585,1.0,-1.0
0.258,0.718,-0.0585,1.0,-0.984807753012208
0.258,0.718,-0.0585,1.0,-0.9396926207859083
0.258,0.735,-0.0585,0.9396926207859084,-1.0
0.258,0.735,-0.0585,0.984807753012208,-1.0
0.258,0.735,-0.0585,1.0,-1.0
0.258,0.735,-0.0585,0.984807753012208,-1.0
0.258,0.735,-0.0585,0.9396926207859084,-1.0
0.258,0.735,-0.0585,1.0,-0.9396926207859083
0.258,0.735,-0.0585,1.0,-0.984807753012208
0.258,0.735,-0.0585,1.0,-1.0
0.258,0.735,-0.0585,1.0,-0.984807753012208
0.258,0.735,-0.0585,1.0,-0.9396926207859083
0.275,0.633,-0.0585,0.9396926207859084,-1.0
0.275,0.633,-0.0585,0.984807753012208,-1.0
0.275,0.633,-0.0585,1.0,-1.0
0.275,0.633,-0.0585,0.984807753012208,-1.0
0.275,0.633,-0.0585,0.9396926207859084,-1.0
0.275,0.633,-0.0585,1.0,-0.9396926207859083
0.275,0.633,-0.0585,1.0,-0.984807753012208
0.275,0.633,-0.0585,1.0,-1.0
0.275,0.633,-0.0585,1.0,-0.984807753012208
0.275,0.633,-0.0585,1.0,-0.9396926207859083
0.275,0.65,-0.0585,0.9396926207859084,-1.0
0.275,0.65,-0.0585,0.984807753012208,-1.0
0.275,0.65,-0.0585,1.0,-1.0
0.275,0.65,-0.0585,0.984807753012208,-1.0
0.275,0.65,-0.0585,0.9396926207859084,-1.0
0.275,0.65,-0.0585,1.0,-0.9396926207859083
0.275,0.65,-0.0585,1.0,-0.984807753012208
0.275,0.65,-0.0585,1.0,-1.0
0.275,0.65,-0.0585,1.0,-0.984807753012208
0.275,0.65,-0.0585,1.0,-0.9396926207859083
0.275,0.667,-0.0585,0.9396926207859084,-1.0
0.275,0.667,-0.0585,0.984807753012208,-1.0
0.275,0.667,-0.0585,1.0,-1.0
0.275,0.667,-0.0585,0.984807753012208,-1.0
0.275,0.667,-0.0585,0.9396926207859084,-1.0
0.275,0.667,-0.0585,1.0,-0.9396926207859083
0.275,0.667,-0.0585,1.0,-0.984807753012208
0.275,0.667,-0.0585,1.0,-1.0
0.275,0.667,-0.0585,1.0,-0.984807753012208
0.275,0.667,-0.0585,1.0,-0.9396926207859083
0.275,0.684,-0.0585,0.9396926207859084,-1.0
0.275,0.684,-0.0585,0.984807753012208,-1.0
0.275,0.684,-0.0585,1.0,-1.0
0.275,0.684,-0.0585,0.984807753012208,-1.0
0.275,0.684,-0.0585,0.9396926207859084,-1.0
0.275,0.684,-0.0585,1.0,-0.9396926207859083
0.275,0.684,-0.0585,1.0,-0.984807753012208
0.275,0.684,-0.0585,1.0,-1.0
0.275,0.684,-0.0585,1.0,-0.984807753012208
0.275,0.684,-0.0585,1.0,-0.9396926207859083
0.275,0.701,-0.0585,0.9396926207859084,-1.0
0.275,0.701,-0.0585,0.984807753012208,-1.0
0.275,0.701,-0.0585,1.0,-1.0
0.275,0.701,-0.0585,0.984807753012208,-1.0
0.275,0.701,-0.0585,0.9396926207859084,-1.0
0.275,0.701,-0.0585,1.0,-0.9396926207859083
0.275,0.701,-0.0585,1.0,-0.984807753012208
0.275,0.701,-0.0585,1.0,-1.0
0.275,0.701,-0.0585,1.0,-0.984807753012208
0.275,0.701,-0.0585,1.0,-0.9396926207859083
0.275,0.718,-0.0585,0.9396926207859084,-1.0
0.275,0.718,-0.0585,0.984807753012208,-1.0
0.275,0.718,-0.0585,1.0,-1.0
0.275,0.718,-0.0585,0.984807753012208,-1.0
0.275,0.718,-0.0585,0.9396926207859084,-1.0
0.275,0.718,-0.0585,1.0,-0.9396926207859083
0.275,0.718,-0.0585,1.0,-0.984807753012208
0.275,0.718,-0.0585,1.0,-1.0
0.275,0.718,-0.0585,1.0,-0.984807753012208
0.275,0.718,-0.0585,1.0,-0.9396926207859083
0.275,0.735,-0.0585,0.9396926207859084,-1.0
0.275,0.735,-0.0585,0.984807753012208,-1.0
0.275,0.735,-0.0585,1.0,-1.0
0.275,0.735,-0.0585,0.984807753012208,-1.0
0.275,0.735,-0.0585,0.9396926207859084,-1.0
0.275,0.735,-0.0585,1.0,-0.9396926207859083
0.275,0.735,-0.0585,1.0,-0.984807753012208
0.275,0.735,-0.0585,1.0,-1.0
0.275,0.735,-0.0585,1.0,-0.984807753012208
0.275,0.735,-0.0585,1.0,-0.9396926207859083
0.292,0.633,-0.0585,0.9396926207859084,-1.0
0.292,0.633,-0.0585,0.984807753012208,-1.0
0.292,0.633,-0.0585,1.0,-1.0
0.292,0.633,-0.0585,0.984807753012208,-1.0
0.292,0.633,-0.0585,0.9396926207859084,-1.0
0.292,0.633,-0.0585,1.0,-0.9396926207859083
0.292,0.633,-0.0585,1.0,-0.984807753012208
0.292,0.633,-0.0585,1.0,-1.0
0.292,0.633,-0.0585,1.0,-0.984807753012208
0.292,0.633,-0.0585,1.0,-0.9396926207859083
0.292,0.65,-0.0585,0.9396926207859084,-1.0
0.292,0.65,-0.0585,0.984807753012208,-1.0
0.292,0.65,-0.0585,1.0,-1.0
0.292,0.65,-0.0585,0.984807753012208,-1.0
0.292,0.65,-0.0585,0.9396926207859084,-1.0
0.292,0.65,-0.0585,1.0,-0.9396926207859083
0.292,0.65,-0.0585,1.0,-0.984807753012208
0.292,0.65,-0.0585,1.0,-1.0
0.292,0.65,-0.0585,1.0,-0.984807753012208
0.292,0.65,-0.0585,1.0,-0.9396926207859083
0.292,0.667,-0.0585,0.9396926207859084,-1.0
0.292,0.667,-0.0585,0.984807753012208,-1.0
0.292,0.667,-0.0585,1.0,-1.0
0.292,0.667,-0.0585,0.984807753012208,-1.0
0.292,0.667,-0.0585,0.9396926207859084,-1.0
0.292,0.667,-0.0585,1.0,-0.9396926207859083
0.292,0.667,-0.0585,1.0,-0.984807753012208
0.292,0.667,-0.0585,1.0,-1.0
0.292,0.667,-0.0585,1.0,-0.984807753012208
0.292,0.667,-0.0585,1.0,-0.9396926207859083
0.292,0.684,-0.0585,0.9396926207859084,-1.0
0.292,0.684,-0.0585,0.984807753012208,-1.0
0.292,0.684,-0.0585,1.0,-1.0
0.292,0.684,-0.0585,0.984807753012208,-1.0
0.292,0.684,-0.0585,0.9396926207859084,-1.0
0.292,0.684,-0.0585,1.0,-0.9396926207859083
0.292,0.684,-0.0585,1.0,-0.984807753012208
0.292,0.684,-0.0585,1.0,-1.0
0.292,0.684,-0.0585,1.0,-0.984807753012208
0.292,0.684,-0.0585,1.0,-0.9396926207859083
0.292,0.701,-0.0585,0.9396926207859084,-1.0
0.292,0.701,-0.0585,0.984807753012208,-1.0
0.292,0.701,-0.0585,1.0,-1.0
0.292,0.701,-0.0585,0.984807753012208,-1.0
0.292,0.701,-0.0585,0.9396926207859084,-1.0
0.292,0.701,-0.0585,1.0,-0.9396926207859083
0.292,0.701,-0.0585,1.0,-0.984807753012208
0.292,0.701,-0.0585,1.0,-1.0
0.292,0.701,-0.0585,1.0,-0.984807753012208
0.292,0.701,-0.0585,1.0,-0.9396926207859083
0.292,0.718,-0.0585,0.9396926207859084,-1.0
0.292,0.718,-0.0585,0.984807753012208,-1.0
0.292,0.718,-0.0585,1.0,-1.0
0.292,0.718,-0.0585,0.984807753012208,-1.0
0.292,0.718,-0.0585,0.9396926207859084,-1.0
0.292,0.718,-0.0585,1.0,-0.9396926207859083
0.292,0.718,-0.0585,1.0,-0.984807753012208
0.292,0.718,-0.0585,1.0,-1.0
0.292,0.718,-0.0585,1.0,-0.984807753012208
0.292,0.718,-0.0585,1.0,-0.9396926207859083
0.292,0.735,-0.0585,0.9396926207859084,-1.0
0.292,0.735,-0.0585,0.984807753012208,-1.0
0.292,0.735,-0.0585,1.0,-1.0
0.292,0.735,-0.0585,0.984807753012208,-1.0
0.292,0.735,-0.0585,0.9396926207859084,-1.0
0.292,0.735,-0.0585,1.0,-0.9396926207859083
0.292,0.735,-0.0585,1.0,-0.984807753012208
0.292,0.735,-0.0585,1.0,-1.0
0.292,0.735,-0.0585,1.0,-0.984807753012208
0.292,0.735,-0.0585,1.0,-0.9396926207859083
0.19,0.633,-0.0485,0.9396926207859084,-1.0
0.19,0.633,-0.0485,0.984807753012208,-1.0
0.19,0.633,-0.0485,1.0,-1.0
0.19,0.633,-0.0485,0.984807753012208,-1.0
0.19,0.633,-0.0485,0.9396926207859084,-1.0
0.19,0.633,-0.0485,1.0,-0.9396926207859083
0.19,0.633,-0.0485,1.0,-0.984807753012208
0.19,0.633,-0.0485,1.0,-1.0
0.19,0.633,-0.0485,1.0,-0.984807753012208
0.19,0.633,-0.0485,1.0,-0.9396926207859083
0.19,0.65,-0.0485,0.9396926207859084,-1.0
0.19,0.65,-0.0485,0.984807753012208,-1.0
0.19,0.65,-0.0485,1.0,-1.0
0.19,0.65,-0.0485,0.984807753012208,-1.0
0.19,0.65,-0.0485,0.9396926207859084,-1.0
0.19,0.65,-0.0485,1.0,-0.9396926207859083
0.19,0.65,-0.0485,1.0,-0.984807753012208
0.19,0.65,-0.0485,1.0,-1.0
0.19,0.65,-0.0485,1.0,-0.984807753012208
0.19,0.65,-0.0485,1.0,-0.9396926207859083
0.19,0.667,-0.0485,0.9396926207859084,-1.0
0.19,0.667,-0.0485,0.984807753012208,-1.0
0.19,0.667,-0.0485,1.0,-1.0
0.19,0.667,-0.0485,0.984807753012208,-1.0
0.19,0.667,-0.0485,0.9396926207859084,-1.0
0.19,0.667,-0.0485,1.0,-0.9396926207859083
0.19,0.667,-0.0485,1.0,-0.984807753012208
0.19,0.667,-0.0485,1.0,-1.0
0.19,0.667,-0.0485,1.0,-0.984807753012208
0.19,0.667,-0.0485,1.0,-0.9396926207859083
0.19,0.684,-0.0485,0.9396926207859084,-1.0
0.19,0.684,-0.0485,0.984807753012208,-1.0
0.19,0.684,-0.0485,1.0,-1.0
0.19,0.684,-0.0485,0.984807753012208,-1.0
0.19,0.684,-0.0485,0.9396926207859084,-1.0
0.19,0.684,-0.0485,1.0,-0.9396926207859083
0.19,0.684,-0.0485,1.0,-0.984807753012208
0.19,0.684,-0.0485,1.0,-1.0
0.19,0.684,-0.0485,1.0,-0.984807753012208
0.19,0.684,-0.0485,1.0,-0.9396926207859083
0.19,0.701,-0.0485,0.9396926207859084,-1.0
0.19,0.701,-0.0485,0.984807753012208,-1.0
0.19,0.701,-0.0485,1.0,-1.0
0.19,0.701,-0.0485,0.984807753012208,-1.0
0.19,0.701,-0.0485,0.9396926207859084,-1.0
0.19,0.701,-0.0485,1.0,-0.9396926207859083
0.19,0.701,-0.0485,1.0,-0.984807753012208
0.19,0.701,-0.0485,1.0,-1.0
0.19,0.701,-0.0485,1.0,-0.984807753012208
0.19,0.701,-0.0485,1.0,-0.9396926207859083
0.19,0.718,-0.0485,0.9396926207859084,-1.0
0.19,0.718,-0.0485,0.984807753012208,-1.0
0.19,0.718,-0.0485,1.0,-1.0
0.19,0.718,-0.0485,0.984807753012208,-1.0
0.19,0.718,-0.0485,0.9396926207859084,-1.0
0.19,0.718,-0.0485,1.0,-0.9396926207859083
0.19,0.718,-0.0485,1.0,-0.984807753012208
0.19,0.718,-0.0485,1.0,-1.0
0.19,0.718,-0.0485,1.0,-0.984807753012208
0.19,0.718,-0.0485,1.0,-0.9396926207859083
0.19,0.735,-0.0485,0.9396926207859084,-1.0
0.19,0.735,-0.0485,0.984807753012208,-1.0
0.19,0.735,-0.0485,1.0,-1.0
0.19,0.735,-0.0485,0.984807753012208,-1.0
0.19,0.735,-0.0485,0.9396926207859084,-1.0
0.19,0.735,-0.0485,1.0,-0.9396926207859083
0.19,0.735,-0.0485,1.0,-0.984807753012208
0.19,0.735,-0.0485,1.0,-1.0
0.19,0.735,-0.0485,1.0,-0.984807753012208
0.19,0.735,-0.0485,1.0,-0.9396926207859083
0.207,0.633,-0.0485,0.9396926207859084,-1.0
0.207,0.633,-0.0485,0.984807753012208,-1.0
0.207,0.633,-0.0485,1.0,-1.0
0.207,0.633,-0.0485,0.984807753012208,-1.0
0.207,0.633,-0.0485,0.9396926207859084,-1.0
0.207,0.633,-0.0485,1.0,-0.9396926207859083
0.207,0.633,-0.0485,1.0,-0.984807753012208
0.207,0.633,-0.0485,1.0,-1.0
0.207,0.633,-0.0485,1.0,-0.984807753012208
0.207,0.633,-0.0485,1.0,-0.9396926207859083
0.207,0.65,-0.0485,0.9396926207859084,-1.0
0.207,0.65,-0.0485,0.984807753012208,-1.0
0.207,0.65,-0.0485,1.0,-1.0
0.207,0.65,-0.0485,0.984807753012208,-1.0
0.207,0.65,-0.0485,0.9396926207859084,-1.0
0.207,0.65,-0.0485,1.0,-0.9396926207859083
0.207,0.65,-0.0485,1.0,-0.984807753012208
0.207,0.65,-0.0485,1.0,-1.0
0.207,0.65,-0.0485,1.0,-0.984807753012208
0.207,0.65,-0.0485,1.0,-0.9396926207859083
0.207,0.667,-0.0485,0.9396926207859084,-1.0
0.207,0.667,-0.0485,0.984807753012208,-1.0
0.207,0.667,-0.0485,1.0,-1.0
0.207,0.667,-0.0485,0.984807753012208,-1.0
0.207,0.667,-0.0485,0.9396926207859084,-1.0
0.207,0.667,-0.0485,1.0,-0.9396926207859083
0.207,0.667,-0.0485,1.0,-0.984807753012208
0.207,0.667,-0.0485,1.0,-1.0
0.207,0.667,-0.0485,1.0,-0.984807753012208
0.207,0.667,-0.0485,1.0,-0.9396926207859083
0.207,0.684,-0.0485,0.9396926207859084,-1.0
0.207,0.684,-0.0485,0.984807753012208,-1.0
0.207,0.684,-0.0485,1.0,-1.0
0.207,0.684,-0.0485,0.984807753012208,-1.0
0.207,0.684,-0.0485,0.9396926207859084,-1.0
0.207,0.684,-0.0485,1.0,-0.9396926207859083
0.207,0.684,-0.0485,1.0,-0.984807753012208
0.207,0.684,-0.0485,1.0,-1.0
0.207,0.684,-0.0485,1.0,-0.984807753012208
0.207,0.684,-0.0485,1.0,-0.9396926207859083
0.207,0.701,-0.0485,0.9396926207859084,-1.0
0.207,0.701,-0.0485,0.984807753012208,-1.0
0.207,0.701,-0.0485,1.0,-1.0
0.207,0.701,-0.0485,0.984807753012208,-1.0
0.207,0.701,-0.0485,0.9396926207859084,-1.0
0.207,0.701,-0.0485,1.0,-0.9396926207859083
0.207,0.701,-0.0485,1.0,-0.984807753012208
0.207,0.701,-0.0485,1.0,-1.0
0.207,0.701,-0.0485,1.0,-0.984807753012208
0.207,0.701,-0.0485,1.0,-0.9396926207859083
0.207,0.718,-0.0485,0.9396926207859084,-1.0
0.207,0.718,-0.0485,0.984807753012208,-1.0
0.207,0.718,-0.0485,1.0,-1.0
0.207,0.718,-0.0485,0.984807753012208,-1.0
0.207,0.718,-0.0485,0.9396926207859084,-1.0
0.207,0.718,-0.0485,1.0,-0.9396926207859083
0.207,0.718,-0.0485,1.0,-0.984807753012208
0.207,0.718,-0.0485,1.0,-1.0
0.207,0.718,-0.0485,1.0,-0.984807753012208
0.207,0.718,-0.0485,1.0,-0.9396926207859083
0.207,0.735,-0.0485,0.9396926207859084,-1.0
0.207,0.735,-0.0485,0.984807753012208,-1.0
0.207,0.735,-0.0485,1.0,-1.0
0.207,0.735,-0.0485,0.984807753012208,-1.0
0.207,0.735,-0.0485,0.9396926207859084,-1.0
0.207,0.735,-0.0485,1.0,-0.9396926207859083
0.207,0.735,-0.0485,1.0,-0.984807753012208
0.207,0.735,-0.0485,1.0,-1.0
0.207,0.735,-0.0485,1.0,-0.984807753012208
0.207,0.735,-0.0485,1.0,-0.9396926207859083
0.224,0.633,-0.0485,0.9396926207859084,-1.0
0.224,0.633,-0.0485,0.984807753012208,-1.0
0.224,0.633,-0.0485,1.0,-1.0
0.224,0.633,-0.0485,0.984807753012208,-1.0
0.224,0.633,-0.0485,0.9396926207859084,-1.0
0.224,0.633,-0.0485,1.0,-0.9396926207859083
0.224,0.633,-0.0485,1.0,-0.984807753012208
0.224,0.633,-0.0485,1.0,-1.0
0.224,0.633,-0.0485,1.0,-0.984807753012208
0.224,0.633,-0.0485,1.0,-0.9396926207859083
0.224,0.65,-0.0485,0.9396926207859084,-1.0
0.224,0.65,-0.0485,0.984807753012208,-1.0
0.224,0.65,-0.0485,1.0,-1.0
0.224,0.65,-0.0485,0.984807753012208,-1.0
0.224,0.65,-0.0485,0.9396926207859084,-1.0
0.224,0.65,-0.0485,1.0,-0.9396926207859083
0.224,0.65,-0.0485,1.0,-0.984807753012208
0.224,0.65,-0.0485,1.0,-1.0
0.224,0.65,-0.0485,1.0,-0.984807753012208
0.224,0.65,-0.0485,1.0,-0.9396926207859083
0.224,0.667,-0.0485,0.9396926207859084,-1.0
0.224,0.667,-0.0485,0.984807753012208,-1.0
0.224,0.667,-0.0485,1.0,-1.0
0.224,0.667,-0.0485,0.984807753012208,-1.0
0.224,0.667,-0.0485,0.9396926207859084,-1.0
0.224,0.667,-0.0485,1.0,-0.9396926207859083
0.224,0.667,-0.0485,1.0,-0.984807753012208
0.224,0.667,-0.0485,1.0,-1.0
0.224,0.667,-0.0485,1.0,-0.984807753012208
0.224,0.667,-0.0485,1.0,-0.9396926207859083
0.224,0.684,-0.0485,0.9396926207859084,-1.0
0.224,0.684,-0.0485,0.984807753012208,-1.0
0.224,0.684,-0.0485,1.0,-1.0
0.224,0.684,-0.0485,0.984807753012208,-1.0
0.224,0.684,-0.0485,0.9396926207859084,-1.0
0.224,0.684,-0.0485,1.0,-0.9396926207859083
0.224,0.684,-0.0485,1.0,-0.984807753012208
0.224,0.684,-0.0485,1.0,-1.0
0.224,0.684,-0.0485,1.0,-0.984807753012208
0.224,0.684,-0.0485,1.0,-0.9396926207859083
0.224,0.701,-0.0485,0.9396926207859084,-1.0
0.224,0.701,-0.0485,0.984807753012208,-1.0
0.224,0.701,-0.0485,1.0,-1.0
0.224,0.701,-0.0485,0.984807753012208,-1.0
0.224,0.701,-0.0485,0.9396926207859084,-1.0
0.224,0.701,-0.0485,1.0,-0.9396926207859083
0.224,0.701,-0.0485,1.0,-0.984807753012208
0.224,0.701,-0.0485,1.0,-1.0
0.224,0.701,-0.0485,1.0,-0.984807753012208
0.224,0.701,-0.0485,1.0,-0.9396926207859083
0.224,0.718,-0.0485,0.9396926207859084,-1.0
0.224,0.718,-0.0485,0.984807753012208,-1.0
0.224,0.718,-0.0485,1.0,-1.0
0.224,0.718,-0.0485,0.984807753012208,-1.0
0.224,0.718,-0.0485,0.9396926207859084,-1.0
0.224,0.718,-0.0485,1.0,-0.9396926207859083
0.224,0.718,-0.0485,1.0,-0.984807753012208
0.224,0.718,-0.0485,1.0,-1.0
0.224,0.718,-0.0485,1.0,-0.984807753012208
0.224,0.718,-0.0485,1.0,-0.9396926207859083
0.224,0.735,-0.0485,0.9396926207859084,-1.0
0.224,0.735,-0.0485,0.984807753012208,-1.0
0.224,0.735,-0.0485,1.0,-1.0
0.224,0.735,-0.0485,0.984807753012208,-1.0
0.224,0.735,-0.0485,0.9396926207859084,-1.0
0.224,0.735,-0.0485,1.0,-0.9396926207859083
0.224,0.735,-0.0485,1.0,-0.984807753012208
0.224,0.735,-0.0485,1.0,-1.0
0.224,0.735,-0.0485,1.0,-0.984807753012208
0.224,0.735,-0.0485,1.0,-0.9396926207859083
0.241,0.633,-0.0485,0.9396926207859084,-1.0
0.241,0.633,-0.0485,0.984807753012208,-1.0
0.241,0.633,-0.0485,1.0,-1.0
0.241,0.633,-0.0485,0.984807753012208,-1.0
0.241,0.633,-0.0485,0.9396926207859084,-1.0
0.241,0.633,-0.0485,1.0,-0.9396926207859083
0.241,0.633,-0.0485,1.0,-0.984807753012208
0.241,0.633,-0.0485,1.0,-1.0
0.241,0.633,-0.0485,1.0,-0.984807753012208
0.241,0.633,-0.0485,1.0,-0.9396926207859083
0.241,0.65,-0.0485,0.9396926207859084,-1.0
0.241,0.65,-0.0485,0.984807753012208,-1.0
0.241,0.65,-0.0485,1.0,-1.0
0.241,0.65,-0.0485,0.984807753012208,-1.0
0.241,0.65,-0.0485,0.9396926207859084,-1.0
0.241,0.65,-0.0485,1.0,-0.9396926207859083
0.241,0.65,-0.0485,1.0,-0.984807753012208
0.241,0.65,-0.0485,1.0,-1.0
0.241,0.65,-0.0485,1.0,-0.984807753012208
0.241,0.65,-0.0485,1.0,-0.9396926207859083
0.241,0.667,-0.0485,0.9396926207859084,-1.0
0.241,0.667,-0.0485,0.984807753012208,-1.0
0.241,0.667,-0.0485,1.0,-1.0
0.241,0.667,-0.0485,0.984807753012208,-1.0
0.241,0.667,-0.0485,0.9396926207859084,-1.0
0.241,0.667,-0.0485,1.0,-0.9396926207859083
0.241,0.667,-0.0485,1.0,-0.984807753012208
0.241,0.667,-0.0485,1.0,-1.0
0.241,0.667,-0.0485,1.0,-0.984807753012208
0.241,0.667,-0.0485,1.0,-0.9396926207859083
0.241,0.684,-0.0485,0.9396926207859084,-1.0
0.241,0.684,-0.0485,0.984807753012208,-1.0
0.241,0.684,-0.0485,1.0,-1.0
0.241,0.684,-0.0485,0.984807753012208,-1.0
0.241,0.684,-0.0485,0.9396926207859084,-1.0
0.241,0.684,-0.0485,1.0,-0.9396926207859083
0.241,0.684,-0.0485,1.0,-0.984807753012208
0.241,0.684,-0.0485,1.0,-1.0
0.241,0.684,-0.0485,1.0,-0.984807753012208
0.241,0.684,-0.0485,1.0,-0.9396926207859083
0.241,0.701,-0.0485,0.9396926207859084,-1.0
0.241,0.701,-0.0485,0.984807753012208,-1.0
0.241,0.701,-0.0485,1.0,-1.0
0.241,0.701,-0.0485,0.984807753012208,-1.0
0.241,0.701,-0.0485,0.9396926207859084,-1.0
0.241,0.701,-0.0485,1.0,-0.9396926207859083
0.241,0.701,-0.0485,1.0,-0.984807753012208
0.241,0.701,-0.0485,1.0,-1.0
0.241,0.701,-0.0485,1.0,-0.984807753012208
0.241,0.701,-0.0485,1.0,-0.9396926207859083
0.241,0.718,-0.0485,0.9396926207859084,-1.0
0.241,0.718,-0.0485,0.984807753012208,-1.0
0.241,0.718,-0.0485,1.0,-1.0
0.241,0.718,-0.0485,0.984807753012208,-1.0
0.241,0.718,-0.0485,0.9396926207859084,-1.0
0.241,0.718,-0.0485,1.0,-0.9396926207859083
0.241,0.718,-0.0485,1.0,-0.984807753012208
0.241,0.718,-0.0485,1.0,-1.0
0.241,0.718,-0.0485,1.0,-0.984807753012208
0.241,0.718,-0.0485,1.0,-0.9396926207859083
0.241,0.735,-0.0485,0.9396926207859084,-1.0
0.241,0.735,-0.0485,0.984807753012208,-1.0
0.241,0.735,-0.0485,1.0,-1.0
0.241,0.735,-0.0485,0.984807753012208,-1.0
0.241,0.735,-0.0485,0.9396926207859084,-1.0
0.241,0.735,-0.0485,1.0,-0.9396926207859083
0.241,0.735,-0.0485,1.0,-0.984807753012208
0.241,0.735,-0.0485,1.0,-1.0
0.241,0.735,-0.0485,1.0,-0.984807753012208
0.241,0.735,-0.0485,1.0,-0.9396926207859083
0.258,0.633,-0.0485,0.9396926207859084,-1.0
0.258,0.633,-0.0485,0.984807753012208,-1.0
0.258,0.633,-0.0485,1.0,-1.0
0.258,0.633,-0.0485,0.984807753012208,-1.0
0.258,0.633,-0.0485,0.9396926207859084,-1.0
0.258,0.633,-0.0485,1.0,-0.9396926207859083
0.258,0.633,-0.0485,1.0,-0.984807753012208
0.258,0.633,-0.0485,1.0,-1.0
0.258,0.633,-0.0485,1.0,-0.984807753012208
0.258,0.633,-0.0485,1.0,-0.9396926207859083
0.258,0.65,-0.0485,0.9396926207859084,-1.0
0.258,0.65,-0.0485,0.984807753012208,-1.0
0.258,0.65,-0.0485,1.0,-1.0
0.258,0.65,-0.0485,0.984807753012208,-1.0
0.258,0.65,-0.0485,0.9396926207859084,-1.0
0.258,0.65,-0.0485,1.0,-0.9396926207859083
0.258,0.65,-0.0485,1.0,-0.984807753012208
0.258,0.65,-0.0485,1.0,-1.0
0.258,0.65,-0.0485,1.0,-0.984807753012208
0.258,0.65,-0.0485,1.0,-0.9396926207859083
0.258,0.667,-0.0485,0.9396926207859084,-1.0
0.258,0.667,-0.0485,0.984807753012208,-1.0
0.258,0.667,-0.0485,1.0,-1.0
0.258,0.667,-0.0485,0.984807753012208,-1.0
0.258,0.667,-0.0485,0.9396926207859084,-1.0
0.258,0.667,-0.0485,1.0,-0.9396926207859083
0.258,0.667,-0.0485,1.0,-0.984807753012208
0.258,0.667,-0.0485,1.0,-1.0
0.258,0.667,-0.0485,1.0,-0.984807753012208
0.258,0.667,-0.0485,1.0,-0.9396926207859083
0.258,0.684,-0.0485,0.9396926207859084,-1.0
0.258,0.684,-0.0485,0.984807753012208,-1.0
0.258,0.684,-0.0485,1.0,-1.0
0.258,0.684,-0.0485,0.984807753012208,-1.0
0.258,0.684,-0.0485,0.9396926207859084,-1.0
0.258,0.684,-0.0485,1.0,-0.9396926207859083
0.258,0.684,-0.0485,1.0,-0.984807753012208
0.258,0.684,-0.0485,1.0,-1.0
0.258,0.684,-0.0485,1.0,-0.984807753012208
0.258,0.684,-0.0485,1.0,-0.9396926207859083
0.258,0.701,-0.0485,0.9396926207859084,-1.0
0.258,0.701,-0.0485,0.984807753012208,-1.0
0.258,0.701,-0.0485,1.0,-1.0
0.258,0.701,-0.0485,0.984807753012208,-1.0
0.258,0.701,-0.0485,0.9396926207859084,-1.0
0.258,0.701,-0.0485,1.0,-0.9396926207859083
0.258,0.701,-0.0485,1.0,-0.984807753012208
0.258,0.701,-0.0485,1.0,-1.0
0.258,0.701,-0.0485,1.0,-0.984807753012208
0.258,0.701,-0.0485,1.0,-0.9396926207859083
0.258,0.718,-0.0485,0.9396926207859084,-1.0
0.258,0.718,-0.0485,0.984807753012208,-1.0
0.258,0.718,-0.0485,1.0,-1.0
0.258,0.718,-0.0485,0.984807753012208,-1.0
0.258,0.718,-0.0485,0.9396926207859084,-1.0
0.258,0.718,-0.0485,1.0,-0.9396926207859083
0.258,0.718,-0.0485,1.0,-0.984807753012208
0.258,0.718,-0.0485,1.0,-1.0
0.258,0.718,-0.0485,1.0,-0.984807753012208
0.258,0.718,-0.0485,1.0,-0.9396926207859083
0.258,0.735,-0.0485,0.9396926207859084,-1.0
0.258,0.735,-0.0485,0.984807753012208,-1.0
0.258,0.735,-0.0485,1.0,-1.0
0.258,0.735,-0.0485,0.984807753012208,-1.0
0.258,0.735,-0.0485,0.9396926207859084,-1.0
0.258,0.735,-0.0485,1.0,-0.9396926207859083
0.258,0.735,-0.0485,1.0,-0.984807753012208
0.258,0.735,-0.0485,1.0,-1.0
0.258,0.735,-0.0485,1.0,-0.984807753012208
0.258,0.735,-0.0485,1.0,-0.9396926207859083
0.275,0.633,-0.0485,0.9396926207859084,-1.0
0.275,0.633,-0.0485,0.984807753012208,-1.0
0.275,0.633,-0.0485,1.0,-1.0
0.275,0.633,-0.0485,0.984807753012208,-1.0
0.275,0.633,-0.0485,0.9396926207859084,-1.0
0.275,0.633,-0.0485,1.0,-0.9396926207859083
0.275,0.633,-0.0485,1.0,-0.984807753012208
0.275,0.633,-0.0485,1.0,-1.0
0.275,0.633,-0.0485,1.0,-0.984807753012208
0.275,0.633,-0.0485,1.0,-0.9396926207859083
0.275,0.65,-0.0485,0.9396926207859084,-1.0
0.275,0.65,-0.0485,0.984807753012208,-1.0
0.275,0.65,-0.0485,1.0,-1.0
0.275,0.65,-0.0485,0.984807753012208,-1.0
0.275,0.65,-0.0485,0.9396926207859084,-1.0
0.275,0.65,-0.0485,1.0,-0.9396926207859083
0.275,0.65,-0.0485,1.0,-0.984807753012208
0.275,0.65,-0.0485,1.0,-1.0
0.275,0.65,-0.0485,1.0,-0.984807753012208
0.275,0.65,-0.0485,1.0,-0.9396926207859083
0.275,0.667,-0.0485,0.9396926207859084,-1.0
0.275,0.667,-0.0485,0.984807753012208,-1.0
0.275,0.667,-0.0485,1.0,-1.0
0.275,0.667,-0.0485,0.984807753012208,-1.0
0.275,0.667,-0.0485,0.9396926207859084,-1.0
0.275,0.667,-0.0485,1.0,-0.9396926207859083
0.275,0.667,-0.0485,1.0,-0.984807753012208
0.275,0.667,-0.0485,1.0,-1.0
0.275,0.667,-0.0485,1.0,-0.984807753012208
0.275,0.667,-0.0485,1.0,-0.9396926207859083
0.275,0.684,-0.0485,0.9396926207859084,-1.0
0.275,0.684,-0.0485,0.984807753012208,-1.0
0.275,0.684,-0.0485,1.0,-1.0
0.275,0.684,-0.0485,0.984807753012208,-1.0
0.275,0.684,-0.0485,0.9396926207859084,-1.0
0.275,0.684,-0.0485,1.0,-0.9396926207859083
0.275,0.684,-0.0485,1.0,-0.984807753012208
0.275,0.684,-0.0485,1.0,-1.0
0.275,0.684,-0.0485,1.0,-0.984807753012208
0.275,0.684,-0.0485,1.0,-0.9396926207859083
0.275,0.701,-0.0485,0.9396926207859084,-1.0
0.275,0.701,-0.0485,0.984807753012208,-1.0
0.275,0.701,-0.0485,1.0,-1.0
0.275,0.701,-0.0485,0.984807753012208,-1.0
0.275,0.701,-0.0485,0.9396926207859084,-1.0
0.275,0.701,-0.0485,1.0,-0.9396926207859083
0.275,0.701,-0.0485,1.0,-0.984807753012208
0.275,0.701,-0.0485,1.0,-1.0
0.275,0.701,-0.0485,1.0,-0.984807753012208
0.275,0.701,-0.0485,1.0,-0.9396926207859083
0.275,0.718,-0.0485,0.9396926207859084,-1.0
0.275,0.718,-0.0485,0.984807753012208,-1.0
0.275,0.718,-0.0485,1.0,-1.0
0.275,0.718,-0.0485,0.984807753012208,-1.0
0.275,0.718,-0.0485,0.9396926207859084,-1.0
0.275,0.718,-0.0485,1.0,-0.9396926207859083
0.275,0.718,-0.0485,1.0,-0.984807753012208
0.275,0.718,-0.0485,1.0,-1.0
0.275,0.718,-0.0485,1.0,-0.984807753012208
0.275,0.718,-0.0485,1.0,-0.9396926207859083
0.275,0.735,-0.0485,0.9396926207859084,-1.0
0.275,0.735,-0.0485,0.984807753012208,-1.0
0.275,0.735,-0.0485,1.0,-1.0
0.275,0.735,-0.0485,0.984807753012208,-1.0
0.275,0.735,-0.0485,0.9396926207859084,-1.0
0.275,0.735,-0.0485,1.0,-0.9396926207859083
0.275,0.735,-0.0485,1.0,-0.984807753012208
0.275,0.735,-0.0485,1.0,-1.0
0.275,0.735,-0.0485,1.0,-0.984807753012208
0.275,0.735,-0.0485,1.0,-0.9396926207859083
0.292,0.633,-0.0485,0.9396926207859084,-1.0
0.292,0.633,-0.0485,0.984807753012208,-1.0
0.292,0.633,-0.0485,1.0,-1.0
0.292,0.633,-0.0485,0.984807753012208,-1.0
0.292,0.633,-0.0485,0.9396926207859084,-1.0
0.292,0.633,-0.0485,1.0,-0.9396926207859083
0.292,0.633,-0.0485,1.0,-0.984807753012208
0.292,0.633,-0.0485,1.0,-1.0
0.292,0.633,-0.0485,1.0,-0.984807753012208
0.292,0.633,-0.0485,1.0,-0.9396926207859083
0.292,0.65,-0.0485,0.9396926207859084,-1.0
0.292,0.65,-0.0485,0.984807753012208,-1.0
0.292,0.65,-0.0485,1.0,-1.0
0.292,0.65,-0.0485,0.984807753012208,-1.0
0.292,0.65,-0.0485,0.9396926207859084,-1.0
0.292,0.65,-0.0485,1.0,-0.9396926207859083
0.292,0.65,-0.0485,1.0,-0.984807753012208
0.292,0.65,-0.0485,1.0,-1.0
0.292,0.65,-0.0485,1.0,-0.984807753012208
0.292,0.65,-0.0485,1.0,-0.9396926207859083
0.292,0.667,-0.0485,0.9396926207859084,-1.0
0.292,0.667,-0.0485,0.984807753012208,-1.0
0.292,0.667,-0.0485,1.0,-1.0
0.292,0.667,-0.0485,0.984807753012208,-1.0
0.292,0.667,-0.0485,0.9396926207859084,-1.0
0.292,0.667,-0.0485,1.0,-0.9396926207859083
0.292,0.667,-0.0485,1.0,-0.984807753012208
0.292,0.667,-0.0485,1.0,-1.0
0.292,0.667,-0.0485,1.0,-0.984807753012208
0.292,0.667,-0.0485,1.0,-0.9396926207859083
0.292,0.684,-0.0485,0.9396926207859084,-1.0
0.292,0.684,-0.0485,0.984807753012208,-1.0
0.292,0.684,-0.0485,1.0,-1.0
0.292,0.684,-0.0485,0.984807753012208,-1.0
0.292,0.684,-0.0485,0.9396926207859084,-1.0
0.292,0.684,-0.0485,1.0,-0.9396926207859083
0.292,0.684,-0.0485,1.0,-0.984807753012208
0.292,0.684,-0.0485,1.0,-1.0
0.292,0.684,-0.0485,1.0,-0.984807753012208
0.292,0.684,-0.0485,1.0,-0.9396926207859083
0.292,0.701,-0.0485,0.9396926207859084,-1.0
0.292,0.701,-0.0485,0.984807753012208,-1.0
0.292,0.701,-0.0485,1.0,-1.0
0.292,0.701,-0.0485,0.984807753012208,-1.0
0.292,0.701,-0.0485,0.9396926207859084,-1.0
0.292,0.701,-0.0485,1.0,-0.9396926207859083
0.292,0.701,-0.0485,1.0,-0.984807753012208
0.292,0.701,-0.0485,1.0,-1.0
0.292,0.701,-0.0485,1.0,-0.984807753012208
0.292,0.701,-0.0485,1.0,-0.9396926207859083
0.292,0.718,-0.0485,0.9396926207859084,-1.0
0.292,0.718,-0.0485,0.984807753012208,-1.0
0.292,0.718,-0.0485,1.0,-1.0
0.292,0.718,-0.0485,0.984807753012208,-1.0
0.292,0.718,-0.0485,0.9396926207859084,-1.0
0.292,0.718,-0.0485,1.0,-0.9396926207859083
0.292,0.718,-0.0485,1.0,-0.984807753012208
0.292,0.718,-0.0485,1.0,-1.0
0.292,0.718,-0.0485,1.0,-0.984807753012208
0.292,0.718,-0.0485,1.0,-0.9396926207859083
0.292,0.735,-0.0485,0.9396926207859084,-1.0
0.292,0.735,-0.0485,0.984807753012208,-1.0
0.292,0.735,-0.0485,1.0,-1.0
0.292,0.735,-0.0485,0.984807753012208,-1.0
0.292,0.735,-0.0485,0.9396926207859084,-1.0
0.292,0.735,-0.0485,1.0,-0.9396926207859083
0.292,0.735,-0.0485,1.0,-0.984807753012208
0.292,0.735,-0.0485,1.0,-1.0
0.292,0.735,-0.0485,1.0,-0.984807753012208
0.292,0.735,-0.0485,1.0,-0.9396926207859083
0.19,0.633,-0.0385,0.9396926207859084,-1.0
0.19,0.633,-0.0385,0.984807753012208,-1.0
0.19,0.633,-0.0385,1.0,-1.0
0.19,0.633,-0.0385,0.984807753012208,-1.0
0.19,0.633,-0.0385,0.9396926207859084,-1.0
0.19,0.633,-0.0385,1.0,-0.9396926207859083
0.19,0.633,-0.0385,1.0,-0.984807753012208
0.19,0.633,-0.0385,1.0,-1.0
0.19,0.633,-0.0385,1.0,-0.984807753012208
0.19,0.633,-0.0385,1.0,-0.9396926207859083
0.19,0.65,-0.0385,0.9396926207859084,-1.0
0.19,0.65,-0.0385,0.984807753012208,-1.0
0.19,0.65,-0.0385,1.0,-1.0
0.19,0.65,-0.0385,0.984807753012208,-1.0
0.19,0.65,-0.0385,0.9396926207859084,-1.0
0.19,0.65,-0.0385,1.0,-0.9396926207859083
0.19,0.65,-0.0385,1.0,-0.984807753012208
0.19,0.65,-0.0385,1.0,-1.0
0.19,0.65,-0.0385,1.0,-0.984807753012208
0.19,0.65,-0.0385,1.0,-0.9396926207859083
0.19,0.667,-0.0385,0.9396926207859084,-1.0
0.19,0.667,-0.0385,0.984807753012208,-1.0
0.19,0.667,-0.0385,1.0,-1.0
0.19,0.667,-0.0385,0.984807753012208,-1.0
0.19,0.667,-0.0385,0.9396926207859084,-1.0
0.19,0.667,-0.0385,1.0,-0.9396926207859083
0.19,0.667,-0.0385,1.0,-0.984807753012208
0.19,0.667,-0.0385,1.0,-1.0
0.19,0.667,-0.0385,1.0,-0.984807753012208
0.19,0.667,-0.0385,1.0,-0.9396926207859083
0.19,0.684,-0.0385,0.9396926207859084,-1.0
0.19,0.684,-0.0385,0.984807753012208,-1.0
0.19,0.684,-0.0385,1.0,-1.0
0.19,0.684,-0.0385,0.984807753012208,-1.0
0.19,0.684,-0.0385,0.9396926207859084,-1.0
0.19,0.684,-0.0385,1.0,-0.9396926207859083
0.19,0.684,-0.0385,1.0,-0.984807753012208
0.19,0.684,-0.0385,1.0,-1.0
0.19,0.684,-0.0385,1.0,-0.984807753012208
0.19,0.684,-0.0385,1.0,-0.9396926207859083
0.19,0.701,-0.0385,0.9396926207859084,-1.0
0.19,0.701,-0.0385,0.984807753012208,-1.0
0.19,0.701,-0.0385,1.0,-1.0
0.19,0.701,-0.0385,0.984807753012208,-1.0
0.19,0.701,-0.0385,0.9396926207859084,-1.0
0.19,0.701,-0.0385,1.0,-0.9396926207859083
0.19,0.701,-0.0385,1.0,-0.984807753012208
0.19,0.701,-0.0385,1.0,-1.0
0.19,0.701,-0.0385,1.0,-0.984807753012208
0.19,0.701,-0.0385,1.0,-0.9396926207859083
0.19,0.718,-0.0385,0.9396926207859084,-1.0
0.19,0.718,-0.0385,0.984807753012208,-1.0
0.19,0.718,-0.0385,1.0,-1.0
0.19,0.718,-0.0385,0.984807753012208,-1.0
0.19,0.718,-0.0385,0.9396926207859084,-1.0
0.19,0.718,-0.0385,1.0,-0.9396926207859083
0.19,0.718,-0.0385,1.0,-0.984807753012208
0.19,0.718,-0.0385,1.0,-1.0
0.19,0.718,-0.0385,1.0,-0.984807753012208
0.19,0.718,-0.0385,1.0,-0.9396926207859083
0.19,0.735,-0.0385,0.9396926207859084,-1.0
0.19,0.735,-0.0385,0.984807753012208,-1.0
0.19,0.735,-0.0385,1.0,-1.0
0.19,0.735,-0.0385,0.984807753012208,-1.0
0.19,0.735,-0.0385,0.9396926207859084,-1.0
0.19,0.735,-0.0385,1.0,-0.9396926207859083
0.19,0.735,-0.0385,1.0,-0.984807753012208
0.19,0.735,-0.0385,1.0,-1.0
0.19,0.735,-0.0385,1.0,-0.984807753012208
0.19,0.735,-0.0385,1.0,-0.9396926207859083
0.207,0.633,-0.0385,0.9396926207859084,-1.0
0.207,0.633,-0.0385,0.984807753012208,-1.0
0.207,0.633,-0.0385,1.0,-1.0
0.207,0.633,-0.0385,0.984807753012208,-1.0
0.207,0.633,-0.0385,0.9396926207859084,-1.0
0.207,0.633,-0.0385,1.0,-0.9396926207859083
0.207,0.633,-0.0385,1.0,-0.984807753012208
0.207,0.633,-0.0385,1.0,-1.0
0.207,0.633,-0.0385,1.0,-0.984807753012208
0.207,0.633,-0.0385,1.0,-0.9396926207859083
0.207,0.65,-0.0385,0.9396926207859084,-1.0
0.207,0.65,-0.0385,0.984807753012208,-1.0
0.207,0.65,-0.0385,1.0,-1.0
0.207,0.65,-0.0385,0.984807753012208,-1.0
0.207,0.65,-0.0385,0.9396926207859084,-1.0
0.207,0.65,-0.0385,1.0,-0.9396926207859083
0.207,0.65,-0.0385,1.0,-0.984807753012208
0.207,0.65,-0.0385,1.0,-1.0
0.207,0.65,-0.0385,1.0,-0.984807753012208
0.207,0.65,-0.0385,1.0,-0.9396926207859083
0.207,0.667,-0.0385,0.9396926207859084,-1.0
0.207,0.667,-0.0385,0.984807753012208,-1.0
0.207,0.667,-0.0385,1.0,-1.0
0.207,0.667,-0.0385,0.984807753012208,-1.0
0.207,0.667,-0.0385,0.9396926207859084,-1.0
0.207,0.667,-0.0385,1.0,-0.9396926207859083
0.207,0.667,-0.0385,1.0,-0.984807753012208
0.207,0.667,-0.0385,1.0,-1.0
0.207,0.667,-0.0385,1.0,-0.984807753012208
0.207,0.667,-0.0385,1.0,-0.9396926207859083
0.207,0.684,-0.0385,0.9396926207859084,-1.0
0.207,0.684,-0.0385,0.984807753012208,-1.0
0.207,0.684,-0.0385,1.0,-1.0
0.207,0.684,-0.0385,0.984807753012208,-1.0
0.207,0.684,-0.0385,0.9396926207859084,-1.0
0.207,0.684,-0.0385,1.0,-0.9396926207859083
0.207,0.684,-0.0385,1.0,-0.984807753012208
0.207,0.684,-0.0385,1.0,-1.0
0.207,0.684,-0.0385,1.0,-0.984807753012208
0.207,0.684,-0.0385,1.0,-0.9396926207859083
0.207,0.701,-0.0385,0.9396926207859084,-1.0
0.207,0.701,-0.0385,0.984807753012208,-1.0
0.207,0.701,-0.0385,1.0,-1.0
0.207,0.701,-0.0385,0.984807753012208,-1.0
0.207,0.701,-0.0385,0.9396926207859084,-1.0
0.207,0.701,-0.0385,1.0,-0.9396926207859083
0.207,0.701,-0.0385,1.0,-0.984807753012208
0.207,0.701,-0.0385,1.0,-1.0
0.207,0.701,-0.0385,1.0,-0.984807753012208
0.207,0.701,-0.0385,1.0,-0.9396926207859083
0.207,0.718,-0.0385,0.9396926207859084,-1.0
0.207,0.718,-0.0385,0.984807753012208,-1.0
0.207,0.718,-0.0385,1.0,-1.0
0.207,0.718,-0.0385,0.984807753012208,-1.0
0.207,0.718,-0.0385,0.9396926207859084,-1.0
0.207,0.718,-0.0385,1.0,-0.9396926207859083
0.207,0.718,-0.0385,1.0,-0.984807753012208
0.207,0.718,-0.0385,1.0,-1.0
0.207,0.718,-0.0385,1.0,-0.984807753012208
0.207,0.718,-0.0385,1.0,-0.9396926207859083
0.207,0.735,-0.0385,0.9396926207859084,-1.0
0.207,0.735,-0.0385,0.984807753012208,-1.0
0.207,0.735,-0.0385,1.0,-1.0
0.207,0.735,-0.0385,0.984807753012208,-1.0
0.207,0.735,-0.0385,0.9396926207859084,-1.0
0.207,0.735,-0.0385,1.0,-0.9396926207859083
0.207,0.735,-0.0385,1.0,-0.984807753012208
0.207,0.735,-0.0385,1.0,-1.0
0.207,0.735,-0.0385,1.0,-0.984807753012208
0.207,0.735,-0.0385,1.0,-0.9396926207859083
0.224,0.633,-0.0385,0.9396926207859084,-1.0
0.224,0.633,-0.0385,0.984807753012208,-1.0
0.224,0.633,-0.0385,1.0,-1.0
0.224,0.633,-0.0385,0.984807753012208,-1.0
0.224,0.633,-0.0385,0.9396926207859084,-1.0
0.224,0.633,-0.0385,1.0,-0.9396926207859083
0.224,0.633,-0.0385,1.0,-0.984807753012208
0.224,0.633,-0.0385,1.0,-1.0
0.224,0.633,-0.0385,1.0,-0.984807753012208
0.224,0.633,-0.0385,1.0,-0.9396926207859083
0.224,0.65,-0.0385,0.9396926207859084,-1.0
0.224,0.65,-0.0385,0.984807753012208,-1.0
0.224,0.65,-0.0385,1.0,-1.0
0.224,0.65,-0.0385,0.984807753012208,-1.0
0.224,0.65,-0.0385,0.9396926207859084,-1.0
0.224,0.65,-0.0385,1.0,-0.9396926207859083
0.224,0.65,-0.0385,1.0,-0.984807753012208
0.224,0.65,-0.0385,1.0,-1.0
0.224,0.65,-0.0385,1.0,-0.984807753012208
0.224,0.65,-0.0385,1.0,-0.9396926207859083
0.224,0.667,-0.0385,0.9396926207859084,-1.0
0.224,0.667,-0.0385,0.984807753012208,-1.0
0.224,0.667,-0.0385,1.0,-1.0
0.224,0.667,-0.0385,0.984807753012208,-1.0
0.224,0.667,-0.0385,0.9396926207859084,-1.0
0.224,0.667,-0.0385,1.0,-0.9396926207859083
0.224,0.667,-0.0385,1.0,-0.984807753012208
0.224,0.667,-0.0385,1.0,-1.0
0.224,0.667,-0.0385,1.0,-0.984807753012208
0.224,0.667,-0.0385,1.0,-0.9396926207859083
0.224,0.684,-0.0385,0.9396926207859084,-1.0
0.224,0.684,-0.0385,0.984807753012208,-1.0
0.224,0.684,-0.0385,1.0,-1.0
0.224,0.684,-0.0385,0.984807753012208,-1.0
0.224,0.684,-0.0385,0.9396926207859084,-1.0
0.224,0.684,-0.0385,1.0,-0.9396926207859083
0.224,0.684,-0.0385,1.0,-0.984807753012208
0.224,0.684,-0.0385,1.0,-1.0
0.224,0.684,-0.0385,1.0,-0.984807753012208
0.224,0.684,-0.0385,1.0,-0.9396926207859083
0.224,0.701,-0.0385,0.9396926207859084,-1.0
0.224,0.701,-0.0385,0.984807753012208,-1.0
0.224,0.701,-0.0385,1.0,-1.0
0.224,0.701,-0.0385,0.984807753012208,-1.0
0.224,0.701,-0.0385,0.9396926207859084,-1.0
0.224,0.701,-0.0385,1.0,-0.9396926207859083
0.224,0.701,-0.0385,1.0,-0.984807753012208
0.224,0.701,-0.0385,1.0,-1.0
0.224,0.701,-0.0385,1.0,-0.984807753012208
0.224,0.701,-0.0385,1.0,-0.9396926207859083
0.224,0.718,-0.0385,0.9396926207859084,-1.0
0.224,0.718,-0.0385,0.984807753012208,-1.0
0.224,0.718,-0.0385,1.0,-1.0
0.224,0.718,-0.0385,0.984807753012208,-1.0
0.224,0.718,-0.0385,0.9396926207859084,-1.0
0.224,0.718,-0.0385,1.0,-0.9396926207859083
0.224,0.718,-0.0385,1.0,-0.984807753012208
0.224,0.718,-0.0385,1.0,-1.0
0.224,0.718,-0.0385,1.0,-0.984807753012208
0.224,0.718,-0.0385,1.0,-0.9396926207859083
0.224,0.735,-0.0385,0.9396926207859084,-1.0
0.224,0.735,-0.0385,0.984807753012208,-1.0
0.224,0.735,-0.0385,1.0,-1.0
0.224,0.735,-0.0385,0.984807753012208,-1.0
0.224,0.735,-0.0385,0.9396926207859084,-1.0
0.224,0.735,-0.0385,1.0,-0.9396926207859083
0.224,0.735,-0.0385,1.0,-0.984807753012208
0.224,0.735,-0.0385,1.0,-1.0
0.224,0.735,-0.0385,1.0,-0.984807753012208
0.224,0.735,-0.0385,1.0,-0.9396926207859083
0.241,0.633,-0.0385,0.9396926207859084,-1.0
0.241,0.633,-0.0385,0.984807753012208,-1.0
0.241,0.633,-0.0385,1.0,-1.0
0.241,0.633,-0.0385,0.984807753012208,-1.0
0.241,0.633,-0.0385,0.9396926207859084,-1.0
0.241,0.633,-0.0385,1.0,-0.9396926207859083
0.241,0.633,-0.0385,1.0,-0.984807753012208
0.241,0.633,-0.0385,1.0,-1.0
0.241,0.633,-0.0385,1.0,-0.984807753012208
0.241,0.633,-0.0385,1.0,-0.9396926207859083
0.241,0.65,-0.0385,0.9396926207859084,-1.0
0.241,0.65,-0.0385,0.984807753012208,-1.0
0.241,0.65,-0.0385,1.0,-1.0
0.241,0.65,-0.0385,0.984807753012208,-1.0
0.241,0.65,-0.0385,0.9396926207859084,-1.0
0.241,0.65,-0.0385,1.0,-0.9396926207859083
0.241,0.65,-0.0385,1.0,-0.984807753012208
0.241,0.65,-0.0385,1.0,-1.0
0.241,0.65,-0.0385,1.0,-0.984807753012208
0.241,0.65,-0.0385,1.0,-0.9396926207859083
0.241,0.667,-0.0385,0.9396926207859084,-1.0
0.241,0.667,-0.0385,0.984807753012208,-1.0
0.241,0.667,-0.0385,1.0,-1.0
0.241,0.667,-0.0385,0.984807753012208,-1.0
0.241,0.667,-0.0385,0.9396926207859084,-1.0
0.241,0.667,-0.0385,1.0,-0.9396926207859083
0.241,0.667,-0.0385,1.0,-0.984807753012208
0.241,0.667,-0.0385,1.0,-1.0
0.241,0.667,-0.0385,1.0,-0.984807753012208
0.241,0.667,-0.0385,1.0,-0.9396926207859083
0.241,0.684,-0.0385,0.9396926207859084,-1.0
0.241,0.684,-0.0385,0.984807753012208,-1.0
0.241,0.684,-0.0385,1.0,-1.0
0.241,0.684,-0.0385,0.984807753012208,-1.0
0.241,0.684,-0.0385,0.9396926207859084,-1.0
0.241,0.684,-0.0385,1.0,-0.9396926207859083
0.241,0.684,-0.0385,1.0,-0.984807753012208
0.241,0.684,-0.0385,1.0,-1.0
0.241,0.684,-0.0385,1.0,-0.984807753012208
0.241,0.684,-0.0385,1.0,-0.9396926207859083
0.241,0.701,-0.0385,0.9396926207859084,-1.0
0.241,0.701,-0.0385,0.984807753012208,-1.0
0.241,0.701,-0.0385,1.0,-1.0
0.241,0.701,-0.0385,0.984807753012208,-1.0
0.241,0.701,-0.0385,0.9396926207859084,-1.0
0.241,0.701,-0.0385,1.0,-0.9396926207859083
0.241,0.701,-0.0385,1.0,-0.984807753012208
0.241,0.701,-0.0385,1.0,-1.0
0.241,0.701,-0.0385,1.0,-0.984807753012208
0.241,0.701,-0.0385,1.0,-0.9396926207859083
0.241,0.718,-0.0385,0.9396926207859084,-1.0
0.241,0.718,-0.0385,0.984807753012208,-1.0
0.241,0.718,-0.0385,1.0,-1.0
0.241,0.718,-0.0385,0.984807753012208,-1.0
0.241,0.718,-0.0385,0.9396926207859084,-1.0
0.241,0.718,-0.0385,1.0,-0.9396926207859083
0.241,0.718,-0.0385,1.0,-0.984807753012208
0.241,0.718,-0.0385,1.0,-1.0
0.241,0.718,-0.0385,1.0,-0.984807753012208
0.241,0.718,-0.0385,1.0,-0.9396926207859083
0.241,0.735,-0.0385,0.9396926207859084,-1.0
0.241,0.735,-0.0385,0.984807753012208,-1.0
0.241,0.735,-0.0385,1.0,-1.0
0.241,0.735,-0.0385,0.984807753012208,-1.0
0.241,0.735,-0.0385,0.9396926207859084,-1.0
0.241,0.735,-0.0385,1.0,-0.9396926207859083
0.241,0.735,-0.0385,1.0,-0.984807753012208
0.241,0.735,-0.0385,1.0,-1.0
0.241,0.735,-0.0385,1.0,-0.984807753012208
0.241,0.735,-0.0385,1.0,-0.9396926207859083
0.258,0.633,-0.0385,0.9396926207859084,-1.0
0.258,0.633,-0.0385,0.984807753012208,-1.0
0.258,0.633,-0.0385,1.0,-1.0
0.258,0.633,-0.0385,0.984807753012208,-1.0
0.258,0.633,-0.0385,0.9396926207859084,-1.0
0.258,0.633,-0.0385,1.0,-0.9396926207859083
0.258,0.633,-0.0385,1.0,-0.984807753012208
0.258,0.633,-0.0385,1.0,-1.0
0.258,0.633,-0.0385,1.0,-0.984807753012208
0.258,0.633,-0.0385,1.0,-0.9396926207859083
0.258,0.65,-0.0385,0.9396926207859084,-1.0
0.258,0.65,-0.0385,0.984807753012208,-1.0
0.258,0.65,-0.0385,1.0,-1.0
0.258,0.65,-0.0385,0.984807753012208,-1.0
0.258,0.65,-0.0385,0.9396926207859084,-1.0
0.258,0.65,-0.0385,1.0,-0.9396926207859083
0.258,0.65,-0.0385,1.0,-0.984807753012208
0.258,0.65,-0.0385,1.0,-1.0
0.258,0.65,-0.0385,1.0,-0.984807753012208
0.258,0.65,-0.0385,1.0,-0.9396926207859083
0.258,0.667,-0.0385,0.9396926207859084,-1.0
0.258,0.667,-0.0385,0.984807753012208,-1.0
0.258,0.667,-0.0385,1.0,-1.0
0.258,0.667,-0.0385,0.984807753012208,-1.0
0.258,0.667,-0.0385,0.9396926207859084,-1.0
0.258,0.667,-0.0385,1.0,-0.9396926207859083
0.258,0.667,-0.0385,1.0,-0.984807753012208
0.258,0.667,-0.0385,1.0,-1.0
0.258,0.667,-0.0385,1.0,-0.984807753012208
0.258,0.667,-0.0385,1.0,-0.9396926207859083
0.258,0.684,-0.0385,0.9396926207859084,-1.0
0.258,0.684,-0.0385,0.984807753012208,-1.0
0.258,0.684,-0.0385,1.0,-1.0
0.258,0.684,-0.0385,0.984807753012208,-1.0
0.258,0.684,-0.0385,0.9396926207859084,-1.0
0.258,0.684,-0.0385,1.0,-0.9396926207859083
0.258,0.684,-0.0385,1.0,-0.984807753012208
0.258,0.684,-0.0385,1.0,-1.0
0.258,0.684,-0.0385,1.0,-0.984807753012208
0.258,0.684,-0.0385,1.0,-0.9396926207859083
0.258,0.701,-0.0385,0.9396926207859084,-1.0
0.258,0.701,-0.0385,0.984807753012208,-1.0
0.258,0.701,-0.0385,1.0,-1.0
0.258,0.701,-0.0385,0.984807753012208,-1.0
0.258,0.701,-0.0385,0.9396926207859084,-1.0
0.258,0.701,-0.0385,1.0,-0.9396926207859083
0.258,0.701,-0.0385,1.0,-0.984807753012208
0.258,0.701,-0.0385,1.0,-1.0
0.258,0.701,-0.0385,1.0,-0.984807753012208
0.258,0.701,-0.0385,1.0,-0.9396926207859083
0.258,0.718,-0.0385,0.9396926207859084,-1.0
0.258,0.718,-0.0385,0.984807753012208,-1.0
0.258,0.718,-0.0385,1.0,-1.0
0.258,0.718,-0.0385,0.984807753012208,-1.0
0.258,0.718,-0.0385,0.9396926207859084,-1.0
0.258,0.718,-0.0385,1.0,-0.9396926207859083
0.258,0.718,-0.0385,1.0,-0.984807753012208
0.258,0.718,-0.0385,1.0,-1.0
0.258,0.718,-0.0385,1.0,-0.984807753012208
0.258,0.718,-0.0385,1.0,-0.9396926207859083
0.258,0.735,-0.0385,0.9396926207859084,-1.0
0.258,0.735,-0.0385,0.984807753012208,-1.0
0.258,0.735,-0.0385,1.0,-1.0
0.258,0.735,-0.0385,0.984807753012208,-1.0
0.258,0.735,-0.0385,0.9396926207859084,-1.0
0.258,0.735,-0.0385,1.0,-0.9396926207859083
0.258,0.735,-0.0385,1.0,-0.984807753012208
0.258,0.735,-0.0385,1.0,-1.0
0.258,0.735,-0.0385,1.0,-0.984807753012208
0.258,0.735,-0.0385,1.0,-0.9396926207859083
0.275,0.633,-0.0385,0.9396926207859084,-1.0
0.275,0.633,-0.0385,0.984807753012208,-1.0
0.275,0.633,-0.0385,1.0,-1.0
0.275,0.633,-0.0385,0.984807753012208,-1.0
0.275,0.633,-0.0385,0.9396926207859084,-1.0
0.275,0.633,-0.0385,1.0,-0.9396926207859083
0.275,0.633,-0.0385,1.0,-0.984807753012208
0.275,0.633,-0.0385,1.0,-1.0
0.275,0.633,-0.0385,1.0,-0.984807753012208
0.275,0.633,-0.0385,1.0,-0.9396926207859083
0.275,0.65,-0.0385,0.9396926207859084,-1.0
0.275,0.65,-0.0385,0.984807753012208,-1.0
0.275,0.65,-0.0385,1.0,-1.0
0.275,0.65,-0.0385,0.984807753012208,-1.0
0.275,0.65,-0.0385,0.9396926207859084,-1.0
0.275,0.65,-0.0385,1.0,-0.9396926207859083
0.275,0.65,-0.0385,1.0,-0.984807753012208
0.275,0.65,-0.0385,1.0,-1.0
0.275,0.65,-0.0385,1.0,-0.984807753012208
0.275,0.65,-0.0385,1.0,-0.9396926207859083
0.275,0.667,-0.0385,0.9396926207859084,-1.0
0.275,0.667,-0.0385,0.984807753012208,-1.0
0.275,0.667,-0.0385,1.0,-1.0
0.275,0.667,-0.0385,0.984807753012208,-1.0
0.275,0.667,-0.0385,0.9396926207859084,-1.0
0.275,0.667,-0.0385,1.0,-0.9396926207859083
0.275,0.667,-0.0385,1.0,-0.984807753012208
0.275,0.667,-0.0385,1.0,-1.0
0.275,0.667,-0.0385,1.0,-0.984807753012208
0.275,0.667,-0.0385,1.0,-0.9396926207859083
0.275,0.684,-0.0385,0.9396926207859084,-1.0
0.275,0.684,-0.0385,0.984807753012208,-1.0
0.275,0.684,-0.0385,1.0,-1.0
0.275,0.684,-0.0385,0.984807753012208,-1.0
0.275,0.684,-0.0385,0.9396926207859084,-1.0
0.275,0.684,-0.0385,1.0,-0.9396926207859083
0.275,0.684,-0.0385,1.0,-0.984807753012208
0.275,0.684,-0.0385,1.0,-1.0
0.275,0.684,-0.0385,1.0,-0.984807753012208
0.275,0.684,-0.0385,1.0,-0.9396926207859083
0.275,0.701,-0.0385,0.9396926207859084,-1.0
0.275,0.701,-0.0385,0.984807753012208,-1.0
0.275,0.701,-0.0385,1.0,-1.0
0.275,0.701,-0.0385,0.984807753012208,-1.0
0.275,0.701,-0.0385,0.9396926207859084,-1.0
0.275,0.701,-0.0385,1.0,-0.9396926207859083
0.275,0.701,-0.0385,1.0,-0.984807753012208
0.275,0.701,-0.0385,1.0,-1.0
0.275,0.701,-0.0385,1.0,-0.984807753012208
0.275,0.701,-0.0385,1.0,-0.9396926207859083
0.275,0.718,-0.0385,0.9396926207859084,-1.0
0.275,0.718,-0.0385,0.984807753012208,-1.0
0.275,0.718,-0.0385,1.0,-1.0
0.275,0.718,-0.0385,0.984807753012208,-1.0
0.275,0.718,-0.0385,0.9396926207859084,-1.0
0.275,0.718,-0.0385,1.0,-0.9396926207859083
0.275,0.718,-0.0385,1.0,-0.984807753012208
0.275,0.718,-0.0385,1.0,-1.0
0.275,0.718,-0.0385,1.0,-0.984807753012208
0.275,0.718,-0.0385,1.0,-0.9396926207859083
0.275,0.735,-0.0385,0.9396926207859084,-1.0
0.275,0.735,-0.0385,0.984807753012208,-1.0
0.275,0.735,-0.0385,1.0,-1.0
0.275,0.735,-0.0385,0.984807753012208,-1.0
0.275,0.735,-0.0385,0.9396926207859084,-1.0
0.275,0.735,-0.0385,1.0,-0.9396926207859083
0.275,0.735,-0.0385,1.0,-0.984807753012208
0.275,0.735,-0.0385,1.0,-1.0
0.275,0.735,-0.0385,1.0,-0.984807753012208
0.275,0.735,-0.0385,1.0,-0.9396926207859083
0.292,0.633,-0.0385,0.9396926207859084,-1.0
0.292,0.633,-0.0385,0.984807753012208,-1.0
0.292,0.633,-0.0385,1.0,-1.0
0.292,0.633,-0.0385,0.984807753012208,-1.0
0.292,0.633,-0.0385,0.9396926207859084,-1.0
0.292,0.633,-0.0385,1.0,-0.9396926207859083
0.292,0.633,-0.0385,1.0,-0.984807753012208
0.292,0.633,-0.0385,1.0,-1.0
0.292,0.633,-0.0385,1.0,-0.984807753012208
0.292,0.633,-0.0385,1.0,-0.9396926207859083
0.292,0.65,-0.0385,0.9396926207859084,-1.0
0.292,0.65,-0.0385,0.984807753012208,-1.0
0.292,0.65,-0.0385,1.0,-1.0
0.292,0.65,-0.0385,0.984807753012208,-1.0
0.292,0.65,-0.0385,0.9396926207859084,-1.0
0.292,0.65,-0.0385,1.0,-0.9396926207859083
0.292,0.65,-0.0385,1.0,-0.984807753012208
0.292,0.65,-0.0385,1.0,-1.0
0.292,0.65,-0.0385,1.0,-0.984807753012208
0.292,0.65,-0.0385,1.0,-0.9396926207859083
0.292,0.667,-0.0385,0.9396926207859084,-1.0
0.292,0.667,-0.0385,0.984807753012208,-1.0
0.292,0.667,-0.0385,1.0,-1.0
0.292,0.667,-0.0385,0.984807753012208,-1.0
0.292,0.667,-0.0385,0.9396926207859084,-1.0
0.292,0.667,-0.0385,1.0,-0.9396926207859083
0.292,0.667,-0.0385,1.0,-0.984807753012208
0.292,0.667,-0.0385,1.0,-1.0
0.292,0.667,-0.0385,1.0,-0.984807753012208
0.292,0.667,-0.0385,1.0,-0.9396926207859083
0.292,0.684,-0.0385,0.9396926207859084,-1.0
0.292,0.684,-0.0385,0.984807753012208,-1.0
0.292,0.684,-0.0385,1.0,-1.0
0.292,0.684,-0.0385,0.984807753012208,-1.0
0.292,0.684,-0.0385,0.9396926207859084,-1.0
0.292,0.684,-0.0385,1.0,-0.9396926207859083
0.292,0.684,-0.0385,1.0,-0.984807753012208
0.292,0.684,-0.0385,1.0,-1.0
0.292,0.684,-0.0385,1.0,-0.984807753012208
0.292,0.684,-0.0385,1.0,-0.9396926207859083
0.292,0.701,-0.0385,0.9396926207859084,-1.0
0.292,0.701,-0.0385,0.984807753012208,-1.0
0.292,0.701,-0.0385,1.0,-1.0
0.292,0.701,-0.0385,0.984807753012208,-1.0
0.292,0.701,-0.0385,0.9396926207859084,-1.0
0.292,0.701,-0.0385,1.0,-0.9396926207859083
0.292,0.701,-0.0385,1.0,-0.984807753012208
0.292,0.701,-0.0385,1.0,-1.0
0.292,0.701,-0.0385,1.0,-0.984807753012208
0.292,0.701,-0.0385,1.0,-0.9396926207859083
0.292,0.718,-0.0385,0.9396926207859084,-1.0
0.292,0.718,-0.0385,0.984807753012208,-1.0
0.292,0.718,-0.0385,1.0,-1.0
0.292,0.718,-0.0385,0.984807753012208,-1.0
0.292,0.718,-0.0385,0.9396926207859084,-1.0
0.292,0.718,-0.0385,1.0,-0.9396926207859083
0.292,0.718,-0.0385,1.0,-0.984807753012208
0.292,0.718,-0.0385,1.0,-1.0
0.292,0.718,-0.0385,1.0,-0.984807753012208
0.292,0.718,-0.0385,1.0,-0.9396926207859083
0.292,0.735,-0.0385,0.9396926207859084,-1.0
0.292,0.735,-0.0385,0.984807753012208,-1.0
0.292,0.735,-0.0385,1.0,-1.0
0.292,0.735,-0.0385,0.984807753012208,-1.0
0.292,0.735,-0.0385,0.9396926207859084,-1.0
0.292,0.735,-0.0385,1.0,-0.9396926207859083
0.292,0.735,-0.0385,1.0,-0.984807753012208
0.292,0.735,-0.0385,1.0,-1.0
0.292,0.735,-0.0385,1.0,-0.984807753012208
0.292,0.735,-0.0385,1.0,-0.9396926207859083
0.19,0.633,-0.0285,0.9396926207859084,-1.0
0.19,0.633,-0.0285,0.984807753012208,-1.0
0.19,0.633,-0.0285,1.0,-1.0
0.19,0.633,-0.0285,0.984807753012208,-1.0
0.19,0.633,-0.0285,0.9396926207859084,-1.0
0.19,0.633,-0.0285,1.0,-0.9396926207859083
0.19,0.633,-0.0285,1.0,-0.984807753012208
0.19,0.633,-0.0285,1.0,-1.0
0.19,0.633,-0.0285,1.0,-0.984807753012208
0.19,0.633,-0.0285,1.0,-0.9396926207859083
0.19,0.65,-0.0285,0.9396926207859084,-1.0
0.19,0.65,-0.0285,0.984807753012208,-1.0
0.19,0.65,-0.0285,1.0,-1.0
0.19,0.65,-0.0285,0.984807753012208,-1.0
0.19,0.65,-0.0285,0.9396926207859084,-1.0
0.19,0.65,-0.0285,1.0,-0.9396926207859083
0.19,0.65,-0.0285,1.0,-0.984807753012208
0.19,0.65,-0.0285,1.0,-1.0
0.19,0.65,-0.0285,1.0,-0.984807753012208
0.19,0.65,-0.0285,1.0,-0.9396926207859083
0.19,0.667,-0.0285,0.9396926207859084,-1.0
0.19,0.667,-0.0285,0.984807753012208,-1.0
0.19,0.667,-0.0285,1.0,-1.0
0.19,0.667,-0.0285,0.984807753012208,-1.0
0.19,0.667,-0.0285,0.9396926207859084,-1.0
0.19,0.667,-0.0285,1.0,-0.9396926207859083
0.19,0.667,-0.0285,1.0,-0.984807753012208
0.19,0.667,-0.0285,1.0,-1.0
0.19,0.667,-0.0285,1.0,-0.984807753012208
0.19,0.667,-0.0285,1.0,-0.9396926207859083
0.19,0.684,-0.0285,0.9396926207859084,-1.0
0.19,0.684,-0.0285,0.984807753012208,-1.0
0.19,0.684,-0.0285,1.0,-1.0
0.19,0.684,-0.0285,0.984807753012208,-1.0
0.19,0.684,-0.0285,0.9396926207859084,-1.0
0.19,0.684,-0.0285,1.0,-0.9396926207859083
0.19,0.684,-0.0285,1.0,-0.984807753012208
0.19,0.684,-0.0285,1.0,-1.0
0.19,0.684,-0.0285,1.0,-0.984807753012208
0.19,0.684,-0.0285,1.0,-0.9396926207859083
0.19,0.701,-0.0285,0.9396926207859084,-1.0
0.19,0.701,-0.0285,0.984807753012208,-1.0
0.19,0.701,-0.0285,1.0,-1.0
0.19,0.701,-0.0285,0.984807753012208,-1.0
0.19,0.701,-0.0285,0.9396926207859084,-1.0
0.19,0.701,-0.0285,1.0,-0.9396926207859083
0.19,0.701,-0.0285,1.0,-0.984807753012208
0.19,0.701,-0.0285,1.0,-1.0
0.19,0.701,-0.0285,1.0,-0.984807753012208
0.19,0.701,-0.0285,1.0,-0.9396926207859083
0.19,0.718,-0.0285,0.9396926207859084,-1.0
0.19,0.718,-0.0285,0.984807753012208,-1.0
0.19,0.718,-0.0285,1.0,-1.0
0.19,0.718,-0.0285,0.984807753012208,-1.0
0.19,0.718,-0.0285,0.9396926207859084,-1.0
0.19,0.718,-0.0285,1.0,-0.9396926207859083
0.19,0.718,-0.0285,1.0,-0.984807753012208
0.19,0.718,-0.0285,1.0,-1.0
0.19,0.718,-0.0285,1.0,-0.984807753012208
0.19,0.718,-0.0285,1.0,-0.9396926207859083
0.19,0.735,-0.0285,0.9396926207859084,-1.0
0.19,0.735,-0.0285,0.984807753012208,-1.0
0.19,0.735,-0.0285,1.0,-1.0
0.19,0.735,-0.0285,0.984807753012208,-1.0
0.19,0.735,-0.0285,0.9396926207859084,-1.0
0.19,0.735,-0.0285,1.0,-0.9396926207859083
0.19,0.735,-0.0285,1.0,-0.984807753012208
0.19,0.735,-0.0285,1.0,-1.0
0.19,0.735,-0.0285,1.0,-0.984807753012208
0.19,0.735,-0.0285,1.0,-0.9396926207859083
0.207,0.633,-0.0285,0.9396926207859084,-1.0
0.207,0.633,-0.0285,0.984807753012208,-1.0
0.207,0.633,-0.0285,1.0,-1.0
0.207,0.633,-0.0285,0.984807753012208,-1.0
0.207,0.633,-0.0285,0.9396926207859084,-1.0
0.207,0.633,-0.0285,1.0,-0.9396926207859083
0.207,0.633,-0.0285,1.0,-0.984807753012208
0.207,0.633,-0.0285,1.0,-1.0
0.207,0.633,-0.0285,1.0,-0.984807753012208
0.207,0.633,-0.0285,1.0,-0.9396926207859083
0.207,0.65,-0.0285,0.9396926207859084,-1.0
0.207,0.65,-0.0285,0.984807753012208,-1.0
0.207,0.65,-0.0285,1.0,-1.0
0.207,0.65,-0.0285,0.984807753012208,-1.0
0.207,0.65,-0.0285,0.9396926207859084,-1.0
0.207,0.65,-0.0285,1.0,-0.9396926207859083
0.207,0.65,-0.0285,1.0,-0.984807753012208
0.207,0.65,-0.0285,1.0,-1.0
0.207,0.65,-0.0285,1.0,-0.984807753012208
0.207,0.65,-0.0285,1.0,-0.9396926207859083
0.207,0.667,-0.0285,0.9396926207859084,-1.0
0.207,0.667,-0.0285,0.984807753012208,-1.0
0.207,0.667,-0.0285,1.0,-1.0
0.207,0.667,-0.0285,0.984807753012208,-1.0
0.207,0.667,-0.0285,0.9396926207859084,-1.0
0.207,0.667,-0.0285,1.0,-0.9396926207859083
0.207,0.667,-0.0285,1.0,-0.984807753012208
0.207,0.667,-0.0285,1.0,-1.0
0.207,0.667,-0.0285,1.0,-0.984807753012208
0.207,0.667,-0.0285,1.0,-0.9396926207859083
0.207,0.684,-0.0285,0.9396926207859084,-1.0
0.207,0.684,-0.0285,0.984807753012208,-1.0
0.207,0.684,-0.0285,1.0,-1.0
0.207,0.684,-0.0285,0.984807753012208,-1.0
0.207,0.684,-0.0285,0.9396926207859084,-1.0
0.207,0.684,-0.0285,1.0,-0.9396926207859083
0.207,0.684,-0.0285,1.0,-0.984807753012208
0.207,0.684,-0.0285,1.0,-1.0
0.207,0.684,-0.0285,1.0,-0.984807753012208
0.207,0.684,-0.0285,1.0,-0.9396926207859083
0.207,0.701,-0.0285,0.9396926207859084,-1.0
0.207,0.701,-0.0285,0.984807753012208,-1.0
0.207,0.701,-0.0285,1.0,-1.0
0.207,0.701,-0.0285,0.984807753012208,-1.0
0.207,0.701,-0.0285,0.9396926207859084,-1.0
0.207,0.701,-0.0285,1.0,-0.9396926207859083
0.207,0.701,-0.0285,1.0,-0.984807753012208
0.207,0.701,-0.0285,1.0,-1.0
0.207,0.701,-0.0285,1.0,-0.984807753012208
0.207,0.701,-0.0285,1.0,-0.9396926207859083
0.207,0.718,-0.0285,0.9396926207859084,-1.0
0.207,0.718,-0.0285,0.984807753012208,-1.0
0.207,0.718,-0.0285,1.0,-1.0
0.207,0.718,-0.0285,0.984807753012208,-1.0
0.207,0.718,-0.0285,0.9396926207859084,-1.0
0.207,0.718,-0.0285,1.0,-0.9396926207859083
0.207,0.718,-0.0285,1.0,-0.984807753012208
0.207,0.718,-0.0285,1.0,-1.0
0.207,0.718,-0.0285,1.0,-0.984807753012208
0.207,0.718,-0.0285,1.0,-0.9396926207859083
0.207,0.735,-0.0285,0.9396926207859084,-1.0
0.207,0.735,-0.0285,0.984807753012208,-1.0
0.207,0.735,-0.0285,1.0,-1.0
0.207,0.735,-0.0285,0.984807753012208,-1.0
0.207,0.735,-0.0285,0.9396926207859084,-1.0
0.207,0.735,-0.0285,1.0,-0.9396926207859083
0.207,0.735,-0.0285,1.0,-0.984807753012208
0.207,0.735,-0.0285,1.0,-1.0
0.207,0.735,-0.0285,1.0,-0.984807753012208
0.207,0.735,-0.0285,1.0,-0.9396926207859083
0.224,0.633,-0.0285,0.9396926207859084,-1.0
0.224,0.633,-0.0285,0.984807753012208,-1.0
0.224,0.633,-0.0285,1.0,-1.0
0.224,0.633,-0.0285,0.984807753012208,-1.0
0.224,0.633,-0.0285,0.9396926207859084,-1.0
0.224,0.633,-0.0285,1.0,-0.9396926207859083
0.224,0.633,-0.0285,1.0,-0.984807753012208
0.224,0.633,-0.0285,1.0,-1.0
0.224,0.633,-0.0285,1.0,-0.984807753012208
0.224,0.633,-0.0285,1.0,-0.9396926207859083
0.224,0.65,-0.0285,0.9396926207859084,-1.0
0.224,0.65,-0.0285,0.984807753012208,-1.0
0.224,0.65,-0.0285,1.0,-1.0
0.224,0.65,-0.0285,0.984807753012208,-1.0
0.224,0.65,-0.0285,0.9396926207859084,-1.0
0.224,0.65,-0.0285,1.0,-0.9396926207859083
0.224,0.65,-0.0285,1.0,-0.984807753012208
0.224,0.65,-0.0285,1.0,-1.0
0.224,0.65,-0.0285,1.0,-0.984807753012208
0.224,0.65,-0.0285,1.0,-0.9396926207859083
0.224,0.667,-0.0285,0.9396926207859084,-1.0
0.224,0.667,-0.0285,0.984807753012208,-1.0
0.224,0.667,-0.0285,1.0,-1.0
0.224,0.667,-0.0285,0.984807753012208,-1.0
0.224,0.667,-0.0285,0.9396926207859084,-1.0
0.224,0.667,-0.0285,1.0,-0.9396926207859083
0.224,0.667,-0.0285,1.0,-0.984807753012208
0.224,0.667,-0.0285,1.0,-1.0
0.224,0.667,-0.0285,1.0,-0.984807753012208
0.224,0.667,-0.0285,1.0,-0.9396926207859083
0.224,0.684,-0.0285,0.9396926207859084,-1.0
0.224,0.684,-0.0285,0.984807753012208,-1.0
0.224,0.684,-0.0285,1.0,-1.0
0.224,0.684,-0.0285,0.984807753012208,-1.0
0.224,0.684,-0.0285,0.9396926207859084,-1.0
0.224,0.684,-0.0285,1.0,-0.9396926207859083
0.224,0.684,-0.0285,1.0,-0.984807753012208
0.224,0.684,-0.0285,1.0,-1.0
0.224,0.684,-0.0285,1.0,-0.984807753012208
0.224,0.684,-0.0285,1.0,-0.9396926207859083
0.224,0.701,-0.0285,0.9396926207859084,-1.0
0.224,0.701,-0.0285,0.984807753012208,-1.0
0.224,0.701,-0.0285,1.0,-1.0
0.224,0.701,-0.0285,0.984807753012208,-1.0
0.224,0.701,-0.0285,0.9396926207859084,-1.0
0.224,0.701,-0.0285,1.0,-0.9396926207859083
0.224,0.701,-0.0285,1.0,-0.984807753012208
0.224,0.701,-0.0285,1.0,-1.0
0.224,0.701,-0.0285,1.0,-0.984807753012208
0.224,0.701,-0.0285,1.0,-0.9396926207859083
0.224,0.718,-0.0285,0.9396926207859084,-1.0
0.224,0.718,-0.0285,0.984807753012208,-1.0
0.224,0.718,-0.0285,1.0,-1.0
0.224,0.718,-0.0285,0.984807753012208,-1.0
0.224,0.718,-0.0285,0.9396926207859084,-1.0
0.224,0.718,-0.0285,1.0,-0.9396926207859083
0.224,0.718,-0.0285,1.0,-0.984807753012208
0.224,0.718,-0.0285,1.0,-1.0
0.224,0.718,-0.0285,1.0,-0.984807753012208
0.224,0.718,-0.0285,1.0,-0.9396926207859083
0.224,0.735,-0.0285,0.9396926207859084,-1.0
0.224,0.735,-0.0285,0.984807753012208,-1.0
0.224,0.735,-0.0285,1.0,-1.0
0.224,0.735,-0.0285,0.984807753012208,-1.0
0.224,0.735,-0.0285,0.9396926207859084,-1.0
0.224,0.735,-0.0285,1.0,-0.9396926207859083
0.224,0.735,-0.0285,1.0,-0.984807753012208
0.224,0.735,-0.0285,1.0,-1.0
0.224,0.735,-0.0285,1.0,-0.984807753012208
0.224,0.735,-0.0285,1.0,-0.9396926207859083
0.241,0.633,-0.0285,0.9396926207859084,-1.0
0.241,0.633,-0.0285,0.984807753012208,-1.0
0.241,0.633,-0.0285,1.0,-1.0
0.241,0.633,-0.0285,0.984807753012208,-1.0
0.241,0.633,-0.0285,0.9396926207859084,-1.0
0.241,0.633,-0.0285,1.0,-0.9396926207859083
0.241,0.633,-0.0285,1.0,-0.984807753012208
0.241,0.633,-0.0285,1.0,-1.0
0.241,0.633,-0.0285,1.0,-0.984807753012208
0.241,0.633,-0.0285,1.0,-0.9396926207859083
0.241,0.65,-0.0285,0.9396926207859084,-1.0
0.241,0.65,-0.0285,0.984807753012208,-1.0
0.241,0.65,-0.0285,1.0,-1.0
0.241,0.65,-0.0285,0.984807753012208,-1.0
0.241,0.65,-0.0285,0.9396926207859084,-1.0
0.241,0.65,-0.0285,1.0,-0.9396926207859083
0.241,0.65,-0.0285,1.0,-0.984807753012208
0.241,0.65,-0.0285,1.0,-1.0
0.241,0.65,-0.0285,1.0,-0.984807753012208
0.241,0.65,-0.0285,1.0,-0.9396926207859083
0.241,0.667,-0.0285,0.9396926207859084,-1.0
0.241,0.667,-0.0285,0.984807753012208,-1.0
0.241,0.667,-0.0285,1.0,-1.0
0.241,0.667,-0.0285,0.984807753012208,-1.0
0.241,0.667,-0.0285,0.9396926207859084,-1.0
0.241,0.667,-0.0285,1.0,-0.9396926207859083
0.241,0.667,-0.0285,1.0,-0.984807753012208
0.241,0.667,-0.0285,1.0,-1.0
0.241,0.667,-0.0285,1.0,-0.984807753012208
0.241,0.667,-0.0285,1.0,-0.9396926207859083
0.241,0.684,-0.0285,0.9396926207859084,-1.0
0.241,0.684,-0.0285,0.984807753012208,-1.0
0.241,0.684,-0.0285,1.0,-1.0
0.241,0.684,-0.0285,0.984807753012208,-1.0
0.241,0.684,-0.0285,0.9396926207859084,-1.0
0.241,0.684,-0.0285,1.0,-0.9396926207859083
0.241,0.684,-0.0285,1.0,-0.984807753012208
0.241,0.684,-0.0285,1.0,-1.0
0.241,0.684,-0.0285,1.0,-0.984807753012208
0.241,0.684,-0.0285,1.0,-0.9396926207859083
0.241,0.701,-0.0285,0.9396926207859084,-1.0
0.241,0.701,-0.0285,0.984807753012208,-1.0
0.241,0.701,-0.0285,1.0,-1.0
0.241,0.701,-0.0285,0.984807753012208,-1.0
0.241,0.701,-0.0285,0.9396926207859084,-1.0
0.241,0.701,-0.0285,1.0,-0.9396926207859083
0.241,0.701,-0.0285,1.0,-0.984807753012208
0.241,0.701,-0.0285,1.0,-1.0
0.241,0.701,-0.0285,1.0,-0.984807753012208
0.241,0.701,-0.0285,1.0,-0.9396926207859083
0.241,0.718,-0.0285,0.9396926207859084,-1.0
0.241,0.718,-0.0285,0.984807753012208,-1.0
0.241,0.718,-0.0285,1.0,-1.0
0.241,0.718,-0.0285,0.984807753012208,-1.0
0.241,0.718,-0.0285,0.9396926207859084,-1.0
0.241,0.718,-0.0285,1.0,-0.9396926207859083
0.241,0.718,-0.0285,1.0,-0.984807753012208
0.241,0.718,-0.0285,1.0,-1.0
0.241,0.718,-0.0285,1.0,-0.984807753012208
0.241,0.718,-0.0285,1.0,-0.9396926207859083
0.241,0.735,-0.0285,0.9396926207859084,-1.0
0.241,0.735,-0.0285,0.984807753012208,-1.0
0.241,0.735,-0.0285,1.0,-1.0
0.241,0.735,-0.0285,0.984807753012208,-1.0
0.241,0.735,-0.0285,0.9396926207859084,-1.0
0.241,0.735,-0.0285,1.0,-0.9396926207859083
0.241,0.735,-0.0285,1.0,-0.984807753012208
0.241,0.735,-0.0285,1.0,-1.0
0.241,0.735,-0.0285,1.0,-0.984807753012208
0.241,0.735,-0.0285,1.0,-0.9396926207859083
0.258,0.633,-0.0285,0.9396926207859084,-1.0
0.258,0.633,-0.0285,0.984807753012208,-1.0
0.258,0.633,-0.0285,1.0,-1.0
0.258,0.633,-0.0285,0.984807753012208,-1.0
0.258,0.633,-0.0285,0.9396926207859084,-1.0
0.258,0.633,-0.0285,1.0,-0.9396926207859083
0.258,0.633,-0.0285,1.0,-0.984807753012208
0.258,0.633,-0.0285,1.0,-1.0
0.258,0.633,-0.0285,1.0,-0.984807753012208
0.258,0.633,-0.0285,1.0,-0.9396926207859083
0.258,0.65,-0.0285,0.9396926207859084,-1.0
0.258,0.65,-0.0285,0.984807753012208,-1.0
0.258,0.65,-0.0285,1.0,-1.0
0.258,0.65,-0.0285,0.984807753012208,-1.0
0.258,0.65,-0.0285,0.9396926207859084,-1.0
0.258,0.65,-0.0285,1.0,-0.9396926207859083
0.258,0.65,-0.0285,1.0,-0.984807753012208
0.258,0.65,-0.0285,1.0,-1.0
0.258,0.65,-0.0285,1.0,-0.984807753012208
0.258,0.65,-0.0285,1.0,-0.9396926207859083
0.258,0.667,-0.0285,0.9396926207859084,-1.0
0.258,0.667,-0.0285,0.984807753012208,-1.0
0.258,0.667,-0.0285,1.0,-1.0
0.258,0.667,-0.0285,0.984807753012208,-1.0
0.258,0.667,-0.0285,0.9396926207859084,-1.0
0.258,0.667,-0.0285,1.0,-0.9396926207859083
0.258,0.667,-0.0285,1.0,-0.984807753012208
0.258,0.667,-0.0285,1.0,-1.0
0.258,0.667,-0.0285,1.0,-0.984807753012208
0.258,0.667,-0.0285,1.0,-0.9396926207859083
0.258,0.684,-0.0285,0.9396926207859084,-1.0
0.258,0.684,-0.0285,0.984807753012208,-1.0
0.258,0.684,-0.0285,1.0,-1.0
0.258,0.684,-0.0285,0.984807753012208,-1.0
0.258,0.684,-0.0285,0.9396926207859084,-1.0
0.258,0.684,-0.0285,1.0,-0.9396926207859083
0.258,0.684,-0.0285,1.0,-0.984807753012208
0.258,0.684,-0.0285,1.0,-1.0
0.258,0.684,-0.0285,1.0,-0.984807753012208
0.258,0.684,-0.0285,1.0,-0.9396926207859083
0.258,0.701,-0.0285,0.9396926207859084,-1.0
0.258,0.701,-0.0285,0.984807753012208,-1.0
0.258,0.701,-0.0285,1.0,-1.0
0.258,0.701,-0.0285,0.984807753012208,-1.0
0.258,0.701,-0.0285,0.9396926207859084,-1.0
0.258,0.701,-0.0285,1.0,-0.9396926207859083
0.258,0.701,-0.0285,1.0,-0.984807753012208
0.258,0.701,-0.0285,1.0,-1.0
0.258,0.701,-0.0285,1.0,-0.984807753012208
0.258,0.701,-0.0285,1.0,-0.9396926207859083
0.258,0.718,-0.0285,0.9396926207859084,-1.0
0.258,0.718,-0.0285,0.984807753012208,-1.0
0.258,0.718,-0.0285,1.0,-1.0
0.258,0.718,-0.0285,0.984807753012208,-1.0
0.258,0.718,-0.0285,0.9396926207859084,-1.0
0.258,0.718,-0.0285,1.0,-0.9396926207859083
0.258,0.718,-0.0285,1.0,-0.984807753012208
0.258,0.718,-0.0285,1.0,-1.0
0.258,0.718,-0.0285,1.0,-0.984807753012208
0.258,0.718,-0.0285,1.0,-0.9396926207859083
0.258,0.735,-0.0285,0.9396926207859084,-1.0
0.258,0.735,-0.0285,0.984807753012208,-1.0
0.258,0.735,-0.0285,1.0,-1.0
0.258,0.735,-0.0285,0.984807753012208,-1.0
0.258,0.735,-0.0285,0.9396926207859084,-1.0
0.258,0.735,-0.0285,1.0,-0.9396926207859083
0.258,0.735,-0.0285,1.0,-0.984807753012208
0.258,0.735,-0.0285,1.0,-1.0
0.258,0.735,-0.0285,1.0,-0.984807753012208
0.258,0.735,-0.0285,1.0,-0.9396926207859083
0.275,0.633,-0.0285,0.9396926207859084,-1.0
0.275,0.633,-0.0285,0.984807753012208,-1.0
0.275,0.633,-0.0285,1.0,-1.0
0.275,0.633,-0.0285,0.984807753012208,-1.0
0.275,0.633,-0.0285,0.9396926207859084,-1.0
0.275,0.633,-0.0285,1.0,-0.9396926207859083
0.275,0.633,-0.0285,1.0,-0.984807753012208
0.275,0.633,-0.0285,1.0,-1.0
0.275,0.633,-0.0285,1.0,-0.984807753012208
0.275,0.633,-0.0285,1.0,-0.9396926207859083
0.275,0.65,-0.0285,0.9396926207859084,-1.0
0.275,0.65,-0.0285,0.984807753012208,-1.0
0.275,0.65,-0.0285,1.0,-1.0
0.275,0.65,-0.0285,0.984807753012208,-1.0
0.275,0.65,-0.0285,0.9396926207859084,-1.0
0.275,0.65,-0.0285,1.0,-0.9396926207859083
0.275,0.65,-0.0285,1.0,-0.984807753012208
0.275,0.65,-0.0285,1.0,-1.0
0.275,0.65,-0.0285,1.0,-0.984807753012208
0.275,0.65,-0.0285,1.0,-0.9396926207859083
0.275,0.667,-0.0285,0.9396926207859084,-1.0
0.275,0.667,-0.0285,0.984807753012208,-1.0
0.275,0.667,-0.0285,1.0,-1.0
0.275,0.667,-0.0285,0.984807753012208,-1.0
0.275,0.667,-0.0285,0.9396926207859084,-1.0
0.275,0.667,-0.0285,1.0,-0.9396926207859083
0.275,0.667,-0.0285,1.0,-0.984807753012208
0.275,0.667,-0.0285,1.0,-1.0
0.275,0.667,-0.0285,1.0,-0.984807753012208
0.275,0.667,-0.0285,1.0,-0.9396926207859083
0.275,0.684,-0.0285,0.9396926207859084,-1.0
0.275,0.684,-0.0285,0.984807753012208,-1.0
0.275,0.684,-0.0285,1.0,-1.0
0.275,0.684,-0.0285,0.984807753012208,-1.0
0.275,0.684,-0.0285,0.9396926207859084,-1.0
0.275,0.684,-0.0285,1.0,-0.9396926207859083
0.275,0.684,-0.0285,1.0,-0.984807753012208
0.275,0.684,-0.0285,1.0,-1.0
0.275,0.684,-0.0285,1.0,-0.984807753012208
0.275,0.684,-0.0285,1.0,-0.9396926207859083
0.275,0.701,-0.0285,0.9396926207859084,-1.0
0.275,0.701,-0.0285,0.984807753012208,-1.0
0.275,0.701,-0.0285,1.0,-1.0
0.275,0.701,-0.0285,0.984807753012208,-1.0
0.275,0.701,-0.0285,0.9396926207859084,-1.0
0.275,0.701,-0.0285,1.0,-0.9396926207859083
0.275,0.701,-0.0285,1.0,-0.984807753012208
0.275,0.701,-0.0285,1.0,-1.0
0.275,0.701,-0.0285,1.0,-0.984807753012208
0.275,0.701,-0.0285,1.0,-0.9396926207859083
0.275,0.718,-0.0285,0.9396926207859084,-1.0
0.275,0.718,-0.0285,0.984807753012208,-1.0
0.275,0.718,-0.0285,1.0,-1.0
0.275,0.718,-0.0285,0.984807753012208,-1.0
0.275,0.718,-0.0285,0.9396926207859084,-1.0
0.275,0.718,-0.0285,1.0,-0.9396926207859083
0.275,0.718,-0.0285,1.0,-0.984807753012208
0.275,0.718,-0.0285,1.0,-1.0
0.275,0.718,-0.0285,1.0,-0.984807753012208
0.275,0.718,-0.0285,1.0,-0.9396926207859083
0.275,0.735,-0.0285,0.9396926207859084,-1.0
0.275,0.735,-0.0285,0.984807753012208,-1.0
0.275,0.735,-0.0285,1.0,-1.0
0.275,0.735,-0.0285,0.984807753012208,-1.0
0.275,0.735,-0.0285,0.9396926207859084,-1.0
0.275,0.735,-0.0285,1.0,-0.9396926207859083
0.275,0.735,-0.0285,1.0,-0.984807753012208
0.275,0.735,-0.0285,1.0,-1.0
0.275,0.735,-0.0285,1.0,-0.984807753012208
0.275,0.735,-0.0285,1.0,-0.9396926207859083
0.292,0.633,-0.0285,0.9396926207859084,-1.0
0.292,0.633,-0.0285,0.984807753012208,-1.0
0.292,0.633,-0.0285,1.0,-1.0
0.292,0.633,-0.0285,0.984807753012208,-1.0
0.292,0.633,-0.0285,0.9396926207859084,-1.0
0.292,0.633,-0.0285,1.0,-0.9396926207859083
0.292,0.633,-0.0285,1.0,-0.984807753012208
0.292,0.633,-0.0285,1.0,-1.0
0.292,0.633,-0.0285,1.0,-0.984807753012208
0.292,0.633,-0.0285,1.0,-0.9396926207859083
0.292,0.65,-0.0285,0.9396926207859084,-1.0
0.292,0.65,-0.0285,0.984807753012208,-1.0
0.292,0.65,-0.0285,1.0,-1.0
0.292,0.65,-0.0285,0.984807753012208,-1.0
0.292,0.65,-0.0285,0.9396926207859084,-1.0
0.292,0.65,-0.0285,1.0,-0.9396926207859083
0.292,0.65,-0.0285,1.0,-0.984807753012208
0.292,0.65,-0.0285,1.0,-1.0
0.292,0.65,-0.0285,1.0,-0.984807753012208
0.292,0.65,-0.0285,1.0,-0.9396926207859083
0.292,0.667,-0.0285,0.9396926207859084,-1.0
0.292,0.667,-0.0285,0.984807753012208,-1.0
0.292,0.667,-0.0285,1.0,-1.0
0.292,0.667,-0.0285,0.984807753012208,-1.0
0.292,0.667,-0.0285,0.9396926207859084,-1.0
0.292,0.667,-0.0285,1.0,-0.9396926207859083
0.292,0.667,-0.0285,1.0,-0.984807753012208
0.292,0.667,-0.0285,1.0,-1.0
0.292,0.667,-0.0285,1.0,-0.984807753012208
0.292,0.667,-0.0285,1.0,-0.9396926207859083
0.292,0.684,-0.0285,0.9396926207859084,-1.0
0.292,0.684,-0.0285,0.984807753012208,-1.0
0.292,0.684,-0.0285,1.0,-1.0
0.292,0.684,-0.0285,0.984807753012208,-1.0
0.292,0.684,-0.0285,0.9396926207859084,-1.0
0.292,0.684,-0.0285,1.0,-0.9396926207859083
0.292,0.684,-0.0285,1.0,-0.984807753012208
0.292,0.684,-0.0285,1.0,-1.0
0.292,0.684,-0.0285,1.0,-0.984807753012208
0.292,0.684,-0.0285,1.0,-0.9396926207859083
0.292,0.701,-0.0285,0.9396926207859084,-1.0
0.292,0.701,-0.0285,0.984807753012208,-1.0
0.292,0.701,-0.0285,1.0,-1.0
0.292,0.701,-0.0285,0.984807753012208,-1.0
0.292,0.701,-0.0285,0.9396926207859084,-1.0
0.292,0.701,-0.0285,1.0,-0.9396926207859083
0.292,0.701,-0.0285,1.0,-0.984807753012208
0.292,0.701,-0.0285,1.0,-1.0
0.292,0.701,-0.0285,1.0,-0.984807753012208
0.292,0.701,-0.0285,1.0,-0.9396926207859083
0.292,0.718,-0.0285,0.9396926207859084,-1.0
0.292,0.718,-0.0285,0.984807753012208,-1.0
0.292,0.718,-0.0285,1.0,-1.0
0.292,0.718,-0.0285,0.984807753012208,-1.0
0.292,0.718,-0.0285,0.9396926207859084,-1.0
0.292,0.718,-0.0285,1.0,-0.9396926207859083
0.292,0.718,-0.0285,1.0,-0.984807753012208
0.292,0.718,-0.0285,1.0,-1.0
0.292,0.718,-0.0285,1.0,-0.984807753012208
0.292,0.718,-0.0285,1.0,-0.9396926207859083
0.292,0.735,-0.0285,0.9396926207859084,-1.0
0.292,0.735,-0.0285,0.984807753012208,-1.0
0.292,0.735,-0.0285,1.0,-1.0
0.292,0.735,-0.0285,0.984807753012208,-1.0
0.292,0.735,-0.0285,0.9396926207859084,-1.0
0.292,0.735,-0.0285,1.0,-0.9396926207859083
0.292,0.735,-0.0285,1.0,-0.984807753012208
0.292,0.735,-0.0285,1.0,-1.0
0.292,0.735,-0.0285,1.0,-0.984807753012208
0.292,0.735,-0.0285,1.0,-0.9396926207859083
